-- MySQL dump 10.13  Distrib 8.0.22, for Linux (x86_64)
--
-- Host: localhost    Database: vk_lesson4
-- ------------------------------------------------------
-- Server version	8.0.22-0ubuntu0.20.04.2

/*!40101 SET @OLD_CHARACTER_SET_CLIENT=@@CHARACTER_SET_CLIENT */;
/*!40101 SET @OLD_CHARACTER_SET_RESULTS=@@CHARACTER_SET_RESULTS */;
/*!40101 SET @OLD_COLLATION_CONNECTION=@@COLLATION_CONNECTION */;
/*!50503 SET NAMES utf8mb4 */;
/*!40103 SET @OLD_TIME_ZONE=@@TIME_ZONE */;
/*!40103 SET TIME_ZONE='+00:00' */;
/*!40014 SET @OLD_UNIQUE_CHECKS=@@UNIQUE_CHECKS, UNIQUE_CHECKS=0 */;
/*!40014 SET @OLD_FOREIGN_KEY_CHECKS=@@FOREIGN_KEY_CHECKS, FOREIGN_KEY_CHECKS=0 */;
/*!40101 SET @OLD_SQL_MODE=@@SQL_MODE, SQL_MODE='NO_AUTO_VALUE_ON_ZERO' */;
/*!40111 SET @OLD_SQL_NOTES=@@SQL_NOTES, SQL_NOTES=0 */;

--
-- Table structure for table `communities`
--

DROP TABLE IF EXISTS `communities`;
/*!40101 SET @saved_cs_client     = @@character_set_client */;
/*!50503 SET character_set_client = utf8mb4 */;
CREATE TABLE `communities` (
  `id` int unsigned NOT NULL AUTO_INCREMENT COMMENT 'Идентификатор сроки',
  `name` varchar(150) CHARACTER SET utf8 COLLATE utf8_unicode_ci NOT NULL COMMENT 'Название группы',
  `created_at` datetime DEFAULT CURRENT_TIMESTAMP COMMENT 'Время создания строки',
  `updated_at` datetime DEFAULT CURRENT_TIMESTAMP ON UPDATE CURRENT_TIMESTAMP COMMENT 'Время обновления строки',
  PRIMARY KEY (`id`),
  UNIQUE KEY `name` (`name`)
) ENGINE=InnoDB AUTO_INCREMENT=101 DEFAULT CHARSET=utf8 COLLATE=utf8_unicode_ci COMMENT='Группы';
/*!40101 SET character_set_client = @saved_cs_client */;

--
-- Dumping data for table `communities`
--

LOCK TABLES `communities` WRITE;
/*!40000 ALTER TABLE `communities` DISABLE KEYS */;
INSERT INTO `communities` VALUES (1,'qui','2012-11-24 17:20:16','2016-12-28 04:36:37'),(2,'et','2011-11-07 19:35:30','2011-08-16 14:45:20'),(3,'minima','2011-02-13 19:27:18','2019-03-06 19:05:04'),(4,'doloremque','2018-10-08 15:52:14','2010-11-28 04:38:35'),(5,'nihil','2018-07-15 08:05:12','2016-10-20 01:36:51'),(6,'esse','2011-03-21 06:33:08','2017-01-19 06:27:03'),(7,'nesciunt','2012-09-04 20:29:02','2010-12-12 09:52:10'),(8,'ut','2014-11-06 19:47:53','2018-05-01 02:29:14'),(9,'eligendi','2014-11-29 12:48:14','2016-06-13 01:39:51'),(10,'aut','2020-06-11 23:15:20','2010-11-16 04:32:11'),(11,'assumenda','2014-10-19 11:31:56','2016-01-10 22:00:49'),(12,'labore','2016-01-05 02:55:46','2015-12-04 18:22:09'),(13,'temporibus','2014-06-13 00:14:38','2011-11-13 17:54:37'),(14,'ipsa','2017-06-16 22:54:31','2019-04-17 07:06:05'),(15,'sunt','2017-04-11 15:22:15','2014-05-08 16:36:57'),(16,'in','2013-11-22 23:12:00','2014-01-28 20:22:24'),(17,'quidem','2014-04-17 22:39:01','2015-02-13 18:55:09'),(18,'inventore','2017-08-12 02:24:29','2019-04-03 02:25:54'),(19,'beatae','2017-01-12 09:37:00','2019-03-21 14:57:45'),(20,'ad','2012-08-17 01:21:31','2020-05-18 19:37:58');
/*!40000 ALTER TABLE `communities` ENABLE KEYS */;
UNLOCK TABLES;

--
-- Table structure for table `communities_users`
--

DROP TABLE IF EXISTS `communities_users`;
/*!40101 SET @saved_cs_client     = @@character_set_client */;
/*!50503 SET character_set_client = utf8mb4 */;
CREATE TABLE `communities_users` (
  `community_id` int unsigned NOT NULL COMMENT 'Ссылка на группу',
  `user_id` int unsigned NOT NULL COMMENT 'Ссылка на пользователя',
  `created_at` datetime DEFAULT CURRENT_TIMESTAMP COMMENT 'Время создания строки',
  PRIMARY KEY (`community_id`,`user_id`) COMMENT 'Составной первичный ключ'
) ENGINE=InnoDB DEFAULT CHARSET=utf8 COLLATE=utf8_unicode_ci COMMENT='Участники групп, связь между пользователями и группами';
/*!40101 SET character_set_client = @saved_cs_client */;

--
-- Dumping data for table `communities_users`
--

LOCK TABLES `communities_users` WRITE;
/*!40000 ALTER TABLE `communities_users` DISABLE KEYS */;
INSERT INTO `communities_users` VALUES (1,5,'2018-01-21 12:59:01'),(1,30,'2019-09-11 11:33:24'),(1,52,'2018-01-31 23:05:04'),(1,82,'2017-11-17 06:06:18'),(2,3,'2012-09-30 11:06:33'),(2,7,'2013-07-21 04:27:08'),(2,11,'2012-12-15 06:21:14'),(2,15,'2017-08-25 09:47:18'),(2,57,'2016-02-07 23:37:58'),(2,69,'2016-03-18 07:14:50'),(2,79,'2020-04-05 06:09:29'),(2,86,'2011-07-04 18:30:43'),(3,34,'2014-08-25 19:33:40'),(3,40,'2018-09-09 04:12:39'),(3,45,'2019-11-27 09:39:21'),(3,49,'2011-05-14 18:55:40'),(3,70,'2016-03-17 12:50:56'),(3,73,'2019-12-21 13:26:55'),(3,94,'2013-04-27 13:19:14'),(4,1,'2013-12-13 03:21:01'),(4,27,'2012-08-25 16:07:10'),(4,32,'2011-05-04 03:05:55'),(4,76,'2016-08-15 08:00:38'),(4,95,'2015-06-03 00:43:21'),(4,98,'2017-05-27 09:15:00'),(5,6,'2010-11-08 16:35:06'),(5,17,'2020-04-09 22:45:37'),(5,18,'2019-11-01 23:39:07'),(5,20,'2018-05-24 13:32:52'),(5,46,'2011-09-27 10:00:21'),(5,54,'2014-09-04 20:45:52'),(5,65,'2014-09-15 13:53:01'),(5,67,'2012-12-11 19:34:40'),(6,13,'2016-04-09 20:06:39'),(6,16,'2015-03-29 03:58:21'),(7,12,'2019-04-14 05:44:46'),(7,22,'2017-09-30 08:27:32'),(7,24,'2018-06-04 18:24:04'),(7,36,'2018-05-24 13:29:55'),(8,10,'2012-12-26 19:07:15'),(8,14,'2012-03-03 06:05:15'),(8,19,'2010-10-19 05:24:25'),(8,48,'2015-12-22 07:51:12'),(8,84,'2016-09-16 17:18:08'),(8,96,'2011-05-25 12:15:56'),(9,50,'2012-12-25 18:17:51'),(9,62,'2011-06-23 18:18:35'),(9,71,'2014-01-18 07:00:10'),(9,85,'2014-04-04 02:40:01'),(10,31,'2011-10-04 03:57:08'),(10,53,'2011-03-28 09:10:10'),(10,77,'2017-04-28 08:30:03'),(10,83,'2017-03-01 05:29:36'),(10,92,'2015-08-18 19:03:35'),(10,97,'2015-04-26 11:58:47'),(10,99,'2015-08-22 15:58:48'),(11,25,'2011-05-17 20:55:06'),(11,33,'2019-12-20 08:29:02'),(11,56,'2012-09-27 07:31:42'),(11,80,'2014-07-27 22:09:06'),(11,81,'2015-04-17 23:14:25'),(11,90,'2012-01-15 02:59:35'),(11,93,'2013-11-13 09:51:52'),(12,8,'2012-07-20 16:38:23'),(12,29,'2020-05-29 08:01:40'),(12,47,'2019-05-01 22:51:35'),(12,91,'2016-10-13 22:20:36'),(13,9,'2019-12-03 15:03:43'),(13,28,'2012-07-17 23:09:29'),(13,63,'2014-07-21 15:47:30'),(13,74,'2017-07-11 05:27:59'),(14,4,'2012-10-14 20:28:44'),(14,23,'2015-10-16 01:38:25'),(14,43,'2020-01-03 10:58:34'),(14,72,'2018-12-27 17:21:38'),(15,37,'2016-03-29 04:23:54'),(16,26,'2020-09-06 05:43:31'),(16,66,'2011-06-20 02:44:45'),(16,68,'2017-07-07 13:11:04'),(16,88,'2014-04-10 20:12:24'),(17,38,'2019-07-03 02:45:16'),(17,41,'2017-07-28 16:22:08'),(17,42,'2020-04-06 09:37:30'),(17,44,'2012-10-07 13:46:48'),(17,58,'2015-03-11 08:41:43'),(17,61,'2017-12-30 09:30:49'),(17,64,'2012-05-19 14:10:00'),(17,75,'2011-05-12 12:09:33'),(17,100,'2019-11-18 07:54:54'),(18,51,'2013-02-07 21:09:50'),(18,55,'2011-12-05 15:07:10'),(18,59,'2011-07-20 03:36:57'),(18,60,'2012-07-23 02:04:40'),(19,2,'2015-09-13 11:46:22'),(19,35,'2010-10-13 17:51:07'),(19,39,'2013-05-15 01:04:08'),(19,78,'2011-04-04 06:33:43'),(20,21,'2019-11-10 01:53:43'),(20,87,'2018-11-08 06:19:28'),(20,89,'2019-05-11 06:25:46');
/*!40000 ALTER TABLE `communities_users` ENABLE KEYS */;
UNLOCK TABLES;

--
-- Table structure for table `friendship_statuses`
--

DROP TABLE IF EXISTS `friendship_statuses`;
/*!40101 SET @saved_cs_client     = @@character_set_client */;
/*!50503 SET character_set_client = utf8mb4 */;
CREATE TABLE `friendship_statuses` (
  `id` int unsigned NOT NULL AUTO_INCREMENT COMMENT 'Идентификатор строки',
  `name` varchar(150) CHARACTER SET utf8 COLLATE utf8_unicode_ci NOT NULL COMMENT 'Название статуса',
  `created_at` datetime DEFAULT CURRENT_TIMESTAMP COMMENT 'Время создания строки',
  `updated_at` datetime DEFAULT CURRENT_TIMESTAMP ON UPDATE CURRENT_TIMESTAMP COMMENT 'Время обновления строки',
  PRIMARY KEY (`id`),
  UNIQUE KEY `name` (`name`)
) ENGINE=InnoDB AUTO_INCREMENT=4 DEFAULT CHARSET=utf8 COLLATE=utf8_unicode_ci COMMENT='Статусы дружбы';
/*!40101 SET character_set_client = @saved_cs_client */;

--
-- Dumping data for table `friendship_statuses`
--

LOCK TABLES `friendship_statuses` WRITE;
/*!40000 ALTER TABLE `friendship_statuses` DISABLE KEYS */;
INSERT INTO `friendship_statuses` VALUES (1,'Requested','2020-11-24 21:48:17','2020-11-24 21:48:17'),(2,'Confirmed','2020-11-24 21:48:17','2020-11-24 21:48:17'),(3,'Rejected','2020-11-24 21:48:17','2020-11-24 21:48:17');
/*!40000 ALTER TABLE `friendship_statuses` ENABLE KEYS */;
UNLOCK TABLES;

--
-- Table structure for table `friendships`
--

DROP TABLE IF EXISTS `friendships`;
/*!40101 SET @saved_cs_client     = @@character_set_client */;
/*!50503 SET character_set_client = utf8mb4 */;
CREATE TABLE `friendships` (
  `user_id` int unsigned NOT NULL COMMENT 'Ссылка на инициатора дружеских отношений',
  `friend_id` int unsigned NOT NULL COMMENT 'Ссылка на получателя приглашения дружить',
  `status_id` int unsigned NOT NULL COMMENT 'Ссылка на статус (текущее состояние) отношений',
  `requested_at` datetime DEFAULT CURRENT_TIMESTAMP COMMENT 'Время отправления приглашения дружить',
  `confirmed_at` datetime DEFAULT NULL COMMENT 'Время подтверждения приглашения',
  `created_at` datetime DEFAULT CURRENT_TIMESTAMP COMMENT 'Время создания строки',
  `updated_at` datetime DEFAULT CURRENT_TIMESTAMP ON UPDATE CURRENT_TIMESTAMP COMMENT 'Время обновления строки',
  PRIMARY KEY (`user_id`,`friend_id`) COMMENT 'Составной первичный ключ'
) ENGINE=InnoDB DEFAULT CHARSET=utf8 COLLATE=utf8_unicode_ci COMMENT='Таблица дружбы';
/*!40101 SET character_set_client = @saved_cs_client */;

--
-- Dumping data for table `friendships`
--

LOCK TABLES `friendships` WRITE;
/*!40000 ALTER TABLE `friendships` DISABLE KEYS */;
INSERT INTO `friendships` VALUES (4,37,2,'2016-11-30 21:09:18','2011-02-13 11:09:02','2012-06-16 19:28:53','2020-11-24 21:52:59'),(4,59,3,'2016-06-24 22:09:38','2019-01-04 01:12:09','2018-05-28 02:45:06','2020-11-24 21:52:59'),(5,12,1,'2015-01-27 04:07:57','2016-07-24 16:50:02','2018-12-23 04:36:02','2020-11-24 21:52:59'),(7,22,3,'2017-09-12 01:13:34','2018-01-31 21:07:40','2018-05-07 03:51:13','2020-11-24 21:52:59'),(9,10,1,'2019-03-04 06:13:25','2011-09-16 23:42:12','2016-07-22 02:58:05','2020-11-24 21:52:59'),(10,100,3,'2013-09-10 04:18:30','2012-04-23 12:32:21','2019-04-04 05:49:24','2020-11-24 21:52:59'),(12,40,1,'2018-05-17 18:58:10','2014-05-27 04:34:19','2018-01-18 23:10:58','2020-11-24 21:52:59'),(12,95,1,'2016-10-15 23:57:43','2012-07-05 05:57:19','2011-04-04 07:31:05','2020-11-24 21:52:59'),(14,41,1,'2016-12-13 01:14:30','2020-03-04 22:14:19','2014-07-25 09:27:36','2020-11-24 21:52:59'),(15,48,3,'2015-06-10 21:50:49','2019-09-22 15:21:17','2013-11-11 05:52:33','2020-11-24 21:52:59'),(17,47,2,'2016-01-13 05:00:29','2012-03-13 00:31:19','2015-08-26 21:17:02','2020-11-24 21:52:59'),(19,68,3,'2018-06-23 07:41:54','2016-09-27 21:36:01','2011-11-22 18:07:31','2020-11-24 21:52:59'),(21,53,2,'2013-07-23 05:33:28','2019-05-23 00:44:40','2020-02-21 19:27:17','2020-11-24 21:52:59'),(21,67,1,'2020-01-11 20:38:52','2014-09-05 07:06:27','2020-07-30 01:05:14','2020-11-24 21:52:59'),(21,75,2,'2015-10-17 01:13:37','2015-05-12 13:51:56','2017-12-06 22:51:31','2020-11-24 21:52:59'),(23,81,2,'2011-03-30 19:10:49','2011-11-13 23:19:16','2020-07-20 02:55:24','2020-11-24 21:52:59'),(25,74,2,'2014-04-03 14:34:14','2011-08-08 11:17:03','2014-08-12 17:57:04','2020-11-24 21:52:59'),(26,62,1,'2013-07-17 17:25:16','2020-03-07 05:39:43','2017-10-17 06:45:28','2020-11-24 21:52:59'),(27,14,3,'2013-12-07 14:36:28','2013-10-05 13:46:43','2016-03-07 23:50:51','2020-11-24 21:52:59'),(28,38,2,'2012-07-03 03:32:59','2017-05-07 21:26:24','2016-03-16 02:50:04','2020-11-24 21:52:59'),(28,49,1,'2013-01-07 08:00:35','2018-06-11 10:29:09','2015-06-23 18:53:11','2020-11-24 21:52:59'),(29,28,1,'2020-04-06 00:41:22','2012-11-10 22:28:58','2010-11-05 17:14:14','2020-11-24 21:52:59'),(30,66,1,'2017-04-16 09:37:51','2011-05-12 17:22:53','2014-12-28 13:42:26','2020-11-24 21:52:59'),(31,28,3,'2014-08-18 05:02:47','2020-08-16 22:06:48','2017-04-04 18:22:26','2020-11-24 21:52:59'),(31,30,2,'2013-02-12 13:18:25','2015-03-28 14:21:16','2014-09-15 18:11:13','2020-11-24 21:52:59'),(32,35,2,'2018-06-27 00:25:02','2018-01-30 14:21:54','2019-07-03 00:46:27','2020-11-24 21:52:59'),(37,39,2,'2017-06-26 04:57:23','2018-06-08 12:51:48','2014-11-12 19:17:55','2020-11-24 21:52:59'),(38,4,3,'2013-01-13 18:31:39','2011-11-02 21:19:34','2011-07-21 13:26:56','2020-11-24 21:52:59'),(38,17,1,'2015-06-15 10:21:31','2015-07-15 16:58:20','2013-09-02 04:29:24','2020-11-24 21:52:59'),(40,89,3,'2015-12-02 00:48:16','2016-12-15 21:10:50','2012-07-05 11:12:30','2020-11-24 21:52:59'),(40,99,2,'2013-08-27 22:41:27','2018-07-27 05:51:27','2012-01-10 04:03:43','2020-11-24 21:52:59'),(41,18,1,'2011-08-17 19:01:54','2014-08-09 19:34:36','2019-01-07 00:28:53','2020-11-24 21:52:59'),(42,97,1,'2011-10-09 05:47:32','2012-06-07 15:19:17','2013-07-07 15:14:00','2020-11-24 21:31:42'),(43,45,3,'2019-08-26 22:21:52','2010-11-16 20:55:44','2014-12-25 09:13:30','2020-11-24 21:52:59'),(44,85,3,'2018-01-01 23:06:25','2020-02-21 03:58:48','2012-06-02 00:10:20','2020-11-24 21:52:59'),(45,43,1,'2016-12-25 01:30:07','2016-01-13 06:58:07','2016-10-08 21:08:59','2020-11-24 21:52:59'),(45,78,1,'2010-11-19 22:52:03','2016-04-17 11:11:45','2020-03-29 08:31:36','2020-11-24 21:52:59'),(46,1,1,'2012-11-24 10:11:00','2014-08-25 05:55:14','2017-07-02 16:30:14','2020-11-24 21:52:59'),(46,3,2,'2012-11-07 14:48:03','2010-10-28 00:07:42','2011-04-25 22:54:30','2020-11-24 21:52:59'),(46,85,3,'2011-08-21 19:39:19','2013-07-31 11:56:02','2020-08-24 00:43:45','2020-11-24 21:52:59'),(47,36,2,'2017-08-28 10:45:28','2011-06-04 20:27:37','2017-08-09 21:08:11','2020-11-24 21:52:59'),(47,57,3,'2018-04-23 20:59:09','2011-01-20 22:16:07','2012-10-31 12:30:56','2020-11-24 21:52:59'),(53,76,2,'2013-04-06 02:30:21','2011-06-30 23:50:47','2014-03-03 21:10:35','2020-11-24 21:52:59'),(54,86,1,'2013-07-02 09:29:44','2019-09-17 03:10:00','2015-11-09 01:01:01','2020-11-24 21:52:59'),(55,43,2,'2015-02-02 20:12:25','2011-05-23 05:33:26','2019-10-10 10:45:28','2020-11-24 21:52:59'),(57,10,3,'2011-02-11 17:29:37','2015-02-17 03:01:08','2016-02-08 14:58:00','2020-11-24 21:52:59'),(57,40,1,'2020-02-11 04:10:56','2011-11-13 14:07:24','2020-07-22 02:33:06','2020-11-24 21:52:59'),(57,94,2,'2018-03-23 06:11:40','2013-01-06 05:04:39','2011-07-09 19:57:04','2020-11-24 21:52:59'),(58,1,1,'2020-04-29 16:09:39','2013-09-14 19:17:53','2020-08-13 19:08:42','2020-11-24 21:52:59'),(58,41,1,'2012-03-02 17:11:17','2014-06-29 09:37:00','2017-04-29 19:55:56','2020-11-24 21:52:59'),(58,89,1,'2016-02-18 08:03:14','2012-08-11 18:26:05','2020-07-15 05:17:19','2020-11-24 21:52:59'),(60,26,3,'2019-03-18 12:09:54','2011-01-30 16:01:26','2014-10-01 23:33:02','2020-11-24 21:52:59'),(63,34,3,'2017-10-02 06:49:34','2012-08-27 00:19:03','2011-10-26 22:11:52','2020-11-24 21:52:59'),(64,21,3,'2011-08-17 20:01:33','2020-06-17 03:38:44','2019-02-21 16:57:52','2020-11-24 21:52:59'),(64,65,1,'2011-01-08 10:30:00','2017-10-06 13:02:56','2019-08-20 21:50:04','2020-11-24 21:52:59'),(66,6,2,'2017-02-08 09:13:20','2016-11-29 00:48:02','2017-01-08 19:30:25','2020-11-24 21:52:59'),(66,9,2,'2017-04-11 20:59:02','2020-01-08 04:22:02','2012-10-10 12:02:56','2020-11-24 21:52:59'),(67,33,1,'2010-09-20 17:47:20','2019-07-17 04:38:49','2016-08-28 05:41:02','2020-11-24 21:52:59'),(68,83,2,'2017-03-25 22:30:39','2013-04-05 09:59:13','2018-04-01 00:10:03','2020-11-24 21:52:59'),(69,46,1,'2014-09-05 18:03:32','2015-05-19 15:30:26','2014-04-20 03:09:48','2020-11-24 21:52:59'),(69,94,2,'2014-04-02 19:47:33','2010-09-27 12:43:36','2011-04-28 19:57:07','2020-11-24 21:52:59'),(71,45,3,'2018-03-19 04:14:15','2010-12-19 22:51:36','2018-01-19 19:33:45','2020-11-24 21:52:59'),(71,46,3,'2017-03-15 02:14:14','2013-12-06 17:49:57','2012-10-01 11:22:34','2020-11-24 21:52:59'),(71,60,1,'2020-03-23 00:44:36','2014-01-12 06:36:29','2018-10-14 09:17:49','2020-11-24 21:52:59'),(72,91,3,'2019-02-01 20:33:26','2013-11-04 08:58:42','2010-12-25 09:20:30','2020-11-24 21:52:59'),(73,62,2,'2012-01-11 05:07:19','2011-07-14 23:54:21','2018-02-12 07:09:46','2020-11-24 21:52:59'),(74,63,2,'2020-08-28 06:10:54','2017-01-16 05:39:16','2012-01-07 23:39:36','2020-11-24 21:52:59'),(76,8,1,'2017-11-03 05:40:13','2011-08-29 18:15:02','2015-04-03 20:22:59','2020-11-24 21:52:59'),(76,51,3,'2019-10-14 12:18:29','2014-01-31 23:39:51','2014-02-03 21:01:55','2020-11-24 21:52:59'),(77,59,3,'2019-02-11 00:31:50','2013-04-06 22:07:14','2016-12-16 21:10:16','2020-11-24 21:52:59'),(77,87,2,'2015-09-22 15:35:13','2014-01-07 03:08:45','2016-06-29 00:45:29','2020-11-24 21:52:59'),(78,87,3,'2019-11-08 02:01:08','2014-05-05 08:22:44','2011-06-10 01:44:18','2020-11-24 21:52:59'),(80,23,1,'2010-11-01 23:11:20','2018-10-18 19:31:03','2015-02-02 02:13:31','2020-11-24 21:52:59'),(81,3,1,'2018-05-30 16:27:33','2013-07-11 14:59:25','2016-08-08 20:32:33','2020-11-24 21:52:59'),(81,100,2,'2020-07-28 10:16:38','2015-09-19 11:58:20','2014-02-04 13:19:01','2020-11-24 21:52:59'),(82,69,2,'2010-11-23 07:59:05','2019-11-08 07:28:53','2014-07-28 13:33:11','2020-11-24 21:52:59'),(83,70,3,'2016-06-26 09:33:33','2014-12-31 16:02:02','2018-06-16 00:56:03','2020-11-24 21:52:59'),(83,99,2,'2014-05-08 20:34:11','2015-09-05 02:12:58','2019-02-12 10:39:04','2020-11-24 21:52:59'),(85,90,2,'2014-05-23 15:22:25','2013-09-07 23:07:23','2013-07-31 00:16:56','2020-11-24 21:52:59'),(86,9,2,'2018-09-27 03:37:28','2013-03-01 11:28:31','2017-08-14 09:29:45','2020-11-24 21:52:59'),(86,48,1,'2011-03-22 10:58:32','2019-04-10 16:27:41','2019-04-28 20:36:14','2020-11-24 21:52:59'),(87,81,2,'2019-08-16 03:00:45','2018-12-22 11:27:00','2012-02-09 15:39:52','2020-11-24 21:52:59'),(88,82,1,'2019-02-04 04:38:47','2018-07-28 01:49:54','2010-11-05 15:05:05','2020-11-24 21:52:59'),(89,18,3,'2013-05-09 19:21:39','2011-02-04 18:25:24','2016-03-13 21:11:25','2020-11-24 21:52:59'),(89,78,1,'2013-05-10 16:02:34','2014-11-21 23:14:32','2016-01-04 08:39:26','2020-11-24 21:52:59'),(90,62,2,'2020-02-15 15:44:29','2016-07-11 00:40:27','2012-03-28 21:29:59','2020-11-24 21:52:59'),(90,95,1,'2014-10-22 02:14:34','2012-06-07 19:15:50','2018-10-10 15:56:54','2020-11-24 21:52:59'),(91,12,2,'2012-11-21 11:27:55','2014-07-06 06:16:38','2015-08-23 06:24:57','2020-11-24 21:52:59'),(91,41,3,'2016-07-19 18:39:51','2018-06-11 15:27:54','2012-05-14 00:38:29','2020-11-24 21:52:59'),(92,72,3,'2019-02-25 23:47:55','2015-10-10 03:29:25','2017-05-15 04:36:53','2020-11-24 21:52:59'),(93,42,2,'2019-08-28 20:51:41','2013-01-31 22:37:42','2014-10-07 01:34:15','2020-11-24 21:52:59'),(95,6,3,'2011-06-28 01:57:57','2014-03-12 05:55:06','2016-07-19 08:39:44','2020-11-24 21:52:59'),(95,31,3,'2019-03-16 06:38:18','2017-08-23 16:14:55','2012-11-13 12:42:19','2020-11-24 21:52:59'),(95,40,2,'2019-05-09 15:45:30','2012-03-23 16:17:21','2017-03-05 18:08:53','2020-11-24 21:52:59'),(96,50,2,'2011-10-05 08:54:26','2011-02-26 14:57:36','2018-01-02 21:53:42','2020-11-24 21:52:59'),(97,77,1,'2013-01-15 08:50:52','2011-04-09 01:24:26','2015-03-24 23:51:42','2020-11-24 21:52:59'),(98,30,2,'2014-09-04 11:08:09','2014-07-18 09:30:19','2010-10-15 07:39:24','2020-11-24 21:52:59'),(99,38,1,'2016-09-05 23:57:57','2013-05-22 18:50:17','2014-04-05 21:45:10','2020-11-24 21:52:59'),(100,18,1,'2013-06-08 15:42:14','2012-03-28 05:13:33','2019-09-16 09:38:36','2020-11-24 21:52:59'),(100,92,3,'2015-10-11 03:47:24','2011-02-25 15:07:22','2011-01-28 06:51:14','2020-11-24 21:52:59');
/*!40000 ALTER TABLE `friendships` ENABLE KEYS */;
UNLOCK TABLES;

--
-- Table structure for table `media`
--

DROP TABLE IF EXISTS `media`;
/*!40101 SET @saved_cs_client     = @@character_set_client */;
/*!50503 SET character_set_client = utf8mb4 */;
CREATE TABLE `media` (
  `id` int unsigned NOT NULL AUTO_INCREMENT COMMENT 'Идентификатор строки',
  `user_id` int unsigned NOT NULL COMMENT 'Ссылка на пользователя, который загрузил файл',
  `filename` varchar(255) CHARACTER SET utf8 COLLATE utf8_unicode_ci NOT NULL COMMENT 'Путь к файлу',
  `size` int NOT NULL COMMENT 'Размер файла',
  `metadata` json DEFAULT NULL,
  `media_type_id` int unsigned NOT NULL COMMENT 'Ссылка на тип контента',
  `created_at` datetime DEFAULT CURRENT_TIMESTAMP COMMENT 'Время создания строки',
  `updated_at` datetime DEFAULT CURRENT_TIMESTAMP ON UPDATE CURRENT_TIMESTAMP COMMENT 'Время обновления строки',
  PRIMARY KEY (`id`),
  CONSTRAINT `media_chk_1` CHECK (json_valid(`metadata`))
) ENGINE=InnoDB AUTO_INCREMENT=101 DEFAULT CHARSET=utf8 COLLATE=utf8_unicode_ci COMMENT='Медиафайлы';
/*!40101 SET character_set_client = @saved_cs_client */;

--
-- Dumping data for table `media`
--

LOCK TABLES `media` WRITE;
/*!40000 ALTER TABLE `media` DISABLE KEYS */;
INSERT INTO `media` VALUES (1,45,'http://dropbox.net/vk/quisquamLynch.avi',54725,'{\"owner\": \"Jordon King\"}',3,'2018-06-19 19:10:47','2020-11-24 17:32:54'),(2,55,'http://dropbox.net/vk/facereTerry.png',93475,'{\"owner\": \"Michale Dickinson\"}',2,'2016-07-12 02:53:13','2020-11-24 17:32:54'),(3,36,'http://dropbox.net/vk/exercitationemDurgan.mpeg',540852,'{\"owner\": \"Damien Boehm\"}',2,'2018-08-16 00:19:08','2020-11-24 17:32:54'),(4,17,'http://dropbox.net/vk/similiqueHarvey.avi',878939,'{\"owner\": \"Deja Durgan\"}',3,'2020-01-22 15:30:11','2020-11-24 17:32:54'),(5,74,'http://dropbox.net/vk/iustoYundt.jpeg',516379,'{\"owner\": \"Augusta Haag\"}',1,'2019-01-13 23:54:39','2020-11-24 17:32:54'),(6,21,'http://dropbox.net/vk/utBoehm.mpeg',971553,'{\"owner\": \"Alvera Carroll\"}',3,'2013-09-16 00:53:15','2020-11-24 17:32:54'),(7,82,'http://dropbox.net/vk/quiHegmann.png',924250,'{\"owner\": \"Connie Frami\"}',1,'2012-09-27 06:37:45','2020-11-24 17:32:54'),(8,45,'http://dropbox.net/vk/quoKihn.mpeg',119699,'{\"owner\": \"Jordon King\"}',3,'2012-07-21 18:20:50','2020-11-24 17:32:54'),(9,81,'http://dropbox.net/vk/expeditaMcKenzie.avi',762141,'{\"owner\": \"Claudine Koelpin\"}',3,'2012-06-22 06:35:03','2020-11-24 17:32:54'),(10,70,'http://dropbox.net/vk/quiGrimes.jpeg',163885,'{\"owner\": \"Myrtice Bergstrom\"}',1,'2018-08-22 03:35:14','2020-11-24 17:32:54'),(11,6,'http://dropbox.net/vk/commodiCartwright.png',22756810,'{\"owner\": \"Abraham Jast\"}',1,'2017-01-18 08:21:54','2020-11-24 17:32:54'),(12,19,'http://dropbox.net/vk/ametZulauf.mpeg',564996,'{\"owner\": \"Kailee Sporer\"}',2,'2011-08-16 12:12:46','2020-11-24 17:32:54'),(13,78,'http://dropbox.net/vk/maioresSchiller.avi',313460032,'{\"owner\": \"Florida Boehm\"}',3,'2011-12-31 18:56:32','2020-11-24 17:32:54'),(14,30,'http://dropbox.net/vk/impeditBradtke.mpeg',96715677,'{\"owner\": \"Antwan Borer\"}',3,'2019-09-26 08:55:15','2020-11-24 17:32:54'),(15,16,'http://dropbox.net/vk/quiaPfannerstill.jpeg',523005,'{\"owner\": \"Francesca Hessel\"}',2,'2020-01-15 02:42:44','2020-11-24 17:32:54'),(16,90,'http://dropbox.net/vk/quiaStoltenberg.png',688176061,'{\"owner\": \"Hanna Gutmann\"}',1,'2017-02-06 15:55:52','2020-11-24 17:32:54'),(17,3,'http://dropbox.net/vk/ametTremblay.mpeg',1508,'{\"owner\": \"Joanny Simonis\"}',3,'2013-04-16 18:55:06','2020-11-24 17:32:54'),(18,42,'http://dropbox.net/vk/consequaturSchneider.png',6127,'{\"owner\": \"Sigmund Skiles\"}',3,'2011-01-25 02:40:13','2020-11-24 17:32:54'),(19,2,'http://dropbox.net/vk/idBrekke.avi',113369,'{\"owner\": \"Arvel McKenzie\"}',3,'2018-09-08 08:36:50','2020-11-24 17:32:54'),(20,84,'http://dropbox.net/vk/maximeMaggio.jpeg',7819291,'{\"owner\": \"Maya Langworth\"}',3,'2016-10-24 23:28:33','2020-11-24 17:32:54'),(21,14,'http://dropbox.net/vk/beataeHarvey.avi',8503159,'{\"owner\": \"Rigoberto Mitchell\"}',2,'2012-09-18 13:27:07','2020-11-24 17:32:54'),(22,17,'http://dropbox.net/vk/isteKing.avi',4624180,'{\"owner\": \"Deja Durgan\"}',1,'2012-06-22 23:21:46','2020-11-24 17:32:54'),(23,44,'http://dropbox.net/vk/reprehenderitQuitzon.png',987830,'{\"owner\": \"Javier Schimmel\"}',1,'2013-01-08 06:39:02','2020-11-24 17:32:54'),(24,68,'http://dropbox.net/vk/reiciendisBechtelar.png',399055,'{\"owner\": \"Armani Kiehn\"}',1,'2011-11-15 21:23:34','2020-11-24 17:32:54'),(25,7,'http://dropbox.net/vk/velitSchmitt.avi',980262,'{\"owner\": \"Kenny Stoltenberg\"}',1,'2015-01-13 11:20:56','2020-11-24 17:32:54'),(26,31,'http://dropbox.net/vk/eosGulgowski.png',231477146,'{\"owner\": \"Malika Boehm\"}',2,'2016-10-05 23:43:13','2020-11-24 17:32:54'),(27,33,'http://dropbox.net/vk/numquamMaggio.png',1232,'{\"owner\": \"Rodger Greenholt\"}',2,'2020-01-23 02:44:33','2020-11-24 17:32:54'),(28,71,'http://dropbox.net/vk/officiisBruen.png',4469,'{\"owner\": \"Nelson Roob\"}',2,'2016-07-04 00:11:35','2020-11-24 17:32:54'),(29,56,'http://dropbox.net/vk/temporaSmith.avi',22305072,'{\"owner\": \"Linda Denesik\"}',1,'2013-06-16 17:58:37','2020-11-24 17:32:54'),(30,65,'http://dropbox.net/vk/dolorGrant.avi',589044,'{\"owner\": \"Joyce Bogan\"}',1,'2018-10-30 01:36:05','2020-11-24 17:32:54'),(31,56,'http://dropbox.net/vk/liberoBins.png',971732,'{\"owner\": \"Linda Denesik\"}',3,'2012-06-17 09:31:27','2020-11-24 17:32:54'),(32,87,'http://dropbox.net/vk/sapienteJacobi.png',603690634,'{\"owner\": \"Jovan Pagac\"}',1,'2011-09-06 02:34:56','2020-11-24 17:32:54'),(33,65,'http://dropbox.net/vk/inciduntWolff.jpeg',81527,'{\"owner\": \"Joyce Bogan\"}',1,'2014-11-11 21:40:52','2020-11-24 17:32:54'),(34,65,'http://dropbox.net/vk/voluptatumRoberts.jpeg',10833,'{\"owner\": \"Joyce Bogan\"}',3,'2014-07-15 13:59:40','2020-11-24 17:32:54'),(35,30,'http://dropbox.net/vk/consecteturDurgan.png',482442,'{\"owner\": \"Antwan Borer\"}',2,'2017-07-30 23:25:41','2020-11-24 17:32:54'),(36,56,'http://dropbox.net/vk/ipsamErdman.jpeg',823211091,'{\"owner\": \"Linda Denesik\"}',2,'2011-11-26 19:06:21','2020-11-24 17:32:54'),(37,86,'http://dropbox.net/vk/abStokes.png',1488748,'{\"owner\": \"Cierra Stracke\"}',1,'2015-07-21 19:29:41','2020-11-24 17:32:54'),(38,63,'http://dropbox.net/vk/nonDenesik.mpeg',21057,'{\"owner\": \"Nicolas Maggio\"}',3,'2011-11-08 18:06:37','2020-11-24 17:32:54'),(39,56,'http://dropbox.net/vk/abDurgan.jpeg',157628,'{\"owner\": \"Linda Denesik\"}',2,'2012-07-13 00:36:30','2020-11-24 17:32:54'),(40,92,'http://dropbox.net/vk/reiciendisQuitzon.png',6052702,'{\"owner\": \"Graham Feest\"}',3,'2012-03-01 03:48:47','2020-11-24 17:32:54'),(41,89,'http://dropbox.net/vk/quaeratTreutel.jpeg',330813,'{\"owner\": \"Consuelo Sanford\"}',1,'2020-05-04 09:03:22','2020-11-24 17:32:54'),(42,71,'http://dropbox.net/vk/distinctioStokes.jpeg',171183,'{\"owner\": \"Nelson Roob\"}',2,'2011-03-11 11:55:32','2020-11-24 17:32:54'),(43,86,'http://dropbox.net/vk/nesciuntSchmeler.jpeg',1134,'{\"owner\": \"Cierra Stracke\"}',2,'2015-05-14 21:37:36','2020-11-24 17:32:54'),(44,17,'http://dropbox.net/vk/esseHegmann.png',853477,'{\"owner\": \"Deja Durgan\"}',3,'2010-12-03 20:40:26','2020-11-24 17:32:54'),(45,26,'http://dropbox.net/vk/errorHand.jpeg',8257657,'{\"owner\": \"Cassandra Schroeder\"}',3,'2014-10-10 05:22:41','2020-11-24 17:32:54'),(46,78,'http://dropbox.net/vk/estBradtke.jpeg',743834,'{\"owner\": \"Florida Boehm\"}',2,'2019-01-16 12:59:54','2020-11-24 17:32:54'),(47,10,'http://dropbox.net/vk/voluptasCormier.jpeg',3305,'{\"owner\": \"Chanelle Jast\"}',1,'2014-06-23 07:59:14','2020-11-24 17:32:54'),(48,19,'http://dropbox.net/vk/abWehner.jpeg',148741,'{\"owner\": \"Kailee Sporer\"}',2,'2013-08-08 07:09:01','2020-11-24 17:32:54'),(49,62,'http://dropbox.net/vk/autemStokes.png',502202,'{\"owner\": \"Ben Koch\"}',1,'2018-07-07 18:13:06','2020-11-24 17:32:54'),(50,54,'http://dropbox.net/vk/possimusMcClure.jpeg',54789,'{\"owner\": \"Everett Mills\"}',2,'2016-06-08 03:48:52','2020-11-24 17:32:54'),(51,81,'http://dropbox.net/vk/voluptatumQuigley.jpeg',6920422,'{\"owner\": \"Claudine Koelpin\"}',1,'2016-06-09 09:46:07','2020-11-24 17:32:54'),(52,44,'http://dropbox.net/vk/minusErdman.avi',757340,'{\"owner\": \"Javier Schimmel\"}',2,'2020-01-06 02:31:19','2020-11-24 17:32:54'),(53,78,'http://dropbox.net/vk/perferendisHessel.jpeg',60622,'{\"owner\": \"Florida Boehm\"}',1,'2018-03-11 20:49:13','2020-11-24 17:32:54'),(54,55,'http://dropbox.net/vk/aliquamHowell.png',97013862,'{\"owner\": \"Michale Dickinson\"}',3,'2018-11-29 06:44:13','2020-11-24 17:32:54'),(55,43,'http://dropbox.net/vk/doloreBergstrom.mpeg',612333,'{\"owner\": \"Araceli Monahan\"}',3,'2018-03-30 01:48:10','2020-11-24 17:32:54'),(56,49,'http://dropbox.net/vk/architectoMante.png',779646,'{\"owner\": \"Sabryna Herman\"}',3,'2015-10-24 10:24:40','2020-11-24 17:32:54'),(57,13,'http://dropbox.net/vk/optioMiller.avi',918465524,'{\"owner\": \"Abbey Schamberger\"}',3,'2019-01-25 08:00:42','2020-11-24 17:32:54'),(58,20,'http://dropbox.net/vk/numquamPouros.jpeg',51233,'{\"owner\": \"Aubrey Bruen\"}',1,'2017-01-08 07:33:06','2020-11-24 17:32:54'),(59,62,'http://dropbox.net/vk/dictaKohler.jpeg',907227,'{\"owner\": \"Ben Koch\"}',1,'2015-07-30 10:00:25','2020-11-24 17:32:54'),(60,47,'http://dropbox.net/vk/corruptiSenger.mpeg',372435,'{\"owner\": \"Katelyn Doyle\"}',2,'2020-03-25 19:35:50','2020-11-24 17:32:54'),(61,48,'http://dropbox.net/vk/quiaDonnelly.jpeg',75835148,'{\"owner\": \"Louisa Tremblay\"}',1,'2017-03-07 06:20:11','2020-11-24 17:32:54'),(62,99,'http://dropbox.net/vk/ipsaSporer.avi',130497,'{\"owner\": \"Cesar Stamm\"}',2,'2017-05-08 01:06:41','2020-11-24 17:32:54'),(63,52,'http://dropbox.net/vk/optioRuecker.avi',525179,'{\"owner\": \"Roderick Hettinger\"}',2,'2019-12-16 14:41:06','2020-11-24 17:32:54'),(64,61,'http://dropbox.net/vk/veroGrant.mpeg',75530,'{\"owner\": \"Margarete Hyatt\"}',3,'2019-02-21 06:52:28','2020-11-24 17:32:54'),(65,49,'http://dropbox.net/vk/utBoehm.mpeg',578365,'{\"owner\": \"Sabryna Herman\"}',3,'2014-03-20 02:57:02','2020-11-24 17:32:54'),(66,61,'http://dropbox.net/vk/omnisKoch.avi',356789,'{\"owner\": \"Margarete Hyatt\"}',3,'2010-11-13 02:27:23','2020-11-24 17:32:54'),(67,56,'http://dropbox.net/vk/mollitiaMiller.avi',224405,'{\"owner\": \"Linda Denesik\"}',1,'2019-08-15 07:10:45','2020-11-24 17:32:54'),(68,98,'http://dropbox.net/vk/laudantiumBruen.avi',536488,'{\"owner\": \"Alf Pouros\"}',2,'2019-04-08 13:16:42','2020-11-24 17:32:54'),(69,23,'http://dropbox.net/vk/sapienteKing.jpeg',999224,'{\"owner\": \"Sim Murazik\"}',3,'2013-06-19 02:26:22','2020-11-24 17:32:54'),(70,20,'http://dropbox.net/vk/distinctioLabadie.mpeg',376657,'{\"owner\": \"Aubrey Bruen\"}',3,'2011-10-31 10:18:52','2020-11-24 17:32:54'),(71,28,'http://dropbox.net/vk/doloreFeest.mpeg',219437,'{\"owner\": \"Quincy Kuhlman\"}',1,'2014-01-29 12:40:01','2020-11-24 17:32:54'),(72,81,'http://dropbox.net/vk/necessitatibusDurgan.avi',875613,'{\"owner\": \"Claudine Koelpin\"}',2,'2018-07-04 14:37:07','2020-11-24 17:32:54'),(73,22,'http://dropbox.net/vk/numquamHomenick.png',238093,'{\"owner\": \"Mya Schmitt\"}',1,'2017-12-29 13:48:21','2020-11-24 17:32:54'),(74,67,'http://dropbox.net/vk/commodiSkiles.avi',7019614,'{\"owner\": \"Lizzie Olson\"}',2,'2015-10-09 16:07:58','2020-11-24 17:32:54'),(75,68,'http://dropbox.net/vk/sintKuhlman.jpeg',16018183,'{\"owner\": \"Armani Kiehn\"}',2,'2019-07-07 16:31:19','2020-11-24 17:32:54'),(76,40,'http://dropbox.net/vk/suntKing.mpeg',553629,'{\"owner\": \"Mitchell Gottlieb\"}',2,'2015-05-31 23:17:39','2020-11-24 17:32:54'),(77,93,'http://dropbox.net/vk/rerumQuigley.jpeg',43867,'{\"owner\": \"Jermaine Haley\"}',3,'2020-09-03 08:42:27','2020-11-24 17:32:54'),(78,46,'http://dropbox.net/vk/culpaFlatley.jpeg',70162,'{\"owner\": \"Pedro Kohler\"}',1,'2011-04-13 01:34:56','2020-11-24 17:32:54'),(79,50,'http://dropbox.net/vk/debitisWalter.jpeg',63730538,'{\"owner\": \"Casandra Bergnaum\"}',2,'2015-11-08 21:31:10','2020-11-24 17:32:54'),(80,13,'http://dropbox.net/vk/quiWalker.avi',482653,'{\"owner\": \"Abbey Schamberger\"}',2,'2010-10-18 22:02:11','2020-11-24 17:32:54'),(81,14,'http://dropbox.net/vk/eumHahn.jpeg',883039,'{\"owner\": \"Rigoberto Mitchell\"}',2,'2020-05-04 11:14:58','2020-11-24 17:32:54'),(82,30,'http://dropbox.net/vk/repellatThompson.avi',548449,'{\"owner\": \"Antwan Borer\"}',1,'2013-09-19 04:23:55','2020-11-24 17:32:54'),(83,7,'http://dropbox.net/vk/utGutmann.png',600642,'{\"owner\": \"Kenny Stoltenberg\"}',3,'2016-08-18 08:11:32','2020-11-24 17:32:54'),(84,47,'http://dropbox.net/vk/rerumGreenholt.avi',347863,'{\"owner\": \"Katelyn Doyle\"}',3,'2012-11-01 22:55:29','2020-11-24 17:32:54'),(85,10,'http://dropbox.net/vk/eosTremblay.avi',270922,'{\"owner\": \"Chanelle Jast\"}',1,'2015-03-11 00:06:50','2020-11-24 17:32:54'),(86,10,'http://dropbox.net/vk/voluptasPrice.png',927392,'{\"owner\": \"Chanelle Jast\"}',3,'2019-06-28 21:40:22','2020-11-24 17:32:54'),(87,19,'http://dropbox.net/vk/exercitationemWalker.mpeg',47997,'{\"owner\": \"Kailee Sporer\"}',2,'2017-08-30 15:39:08','2020-11-24 17:32:54'),(88,67,'http://dropbox.net/vk/harumKiehn.mpeg',583369,'{\"owner\": \"Lizzie Olson\"}',1,'2018-01-13 19:18:19','2020-11-24 17:32:54'),(89,76,'http://dropbox.net/vk/etRoob.avi',124672,'{\"owner\": \"Maynard Roberts\"}',2,'2020-04-22 00:57:17','2020-11-24 17:32:54'),(90,77,'http://dropbox.net/vk/perferendisFay.jpeg',863252,'{\"owner\": \"Thelma Hilpert\"}',2,'2012-12-29 00:45:31','2020-11-24 17:32:54'),(91,59,'http://dropbox.net/vk/quisJast.jpeg',163511367,'{\"owner\": \"Carmella Rowe\"}',2,'2014-11-10 09:31:48','2020-11-24 17:32:54'),(92,61,'http://dropbox.net/vk/ullamKoelpin.png',932246,'{\"owner\": \"Margarete Hyatt\"}',1,'2018-04-25 09:43:18','2020-11-24 17:32:54'),(93,30,'http://dropbox.net/vk/velitGrimes.avi',725868459,'{\"owner\": \"Antwan Borer\"}',2,'2013-03-30 16:35:35','2020-11-24 17:32:54'),(94,66,'http://dropbox.net/vk/fugiatSchumm.mpeg',64247744,'{\"owner\": \"Garrick Blanda\"}',1,'2017-11-21 02:35:47','2020-11-24 17:32:54'),(95,40,'http://dropbox.net/vk/doloresBailey.avi',646351085,'{\"owner\": \"Mitchell Gottlieb\"}',3,'2011-01-08 11:23:57','2020-11-24 17:32:54'),(96,100,'http://dropbox.net/vk/dignissimosFrami.mpeg',6315,'{\"owner\": \"Lewis Donnelly\"}',3,'2016-07-11 13:59:33','2020-11-24 17:32:54'),(97,81,'http://dropbox.net/vk/laborumCormier.jpeg',61474,'{\"owner\": \"Claudine Koelpin\"}',1,'2019-07-08 17:51:52','2020-11-24 17:32:54'),(98,2,'http://dropbox.net/vk/numquamJast.png',96668,'{\"owner\": \"Arvel McKenzie\"}',2,'2018-05-19 10:42:03','2020-11-24 17:32:54'),(99,69,'http://dropbox.net/vk/praesentiumHilpert.png',500634,'{\"owner\": \"Miles Fay\"}',3,'2019-08-07 22:35:30','2020-11-24 17:32:54'),(100,36,'http://dropbox.net/vk/consequaturJacobson.avi',443561377,'{\"owner\": \"Damien Boehm\"}',1,'2018-03-03 19:49:17','2020-11-24 17:32:54');
/*!40000 ALTER TABLE `media` ENABLE KEYS */;
UNLOCK TABLES;

--
-- Table structure for table `media_types`
--

DROP TABLE IF EXISTS `media_types`;
/*!40101 SET @saved_cs_client     = @@character_set_client */;
/*!50503 SET character_set_client = utf8mb4 */;
CREATE TABLE `media_types` (
  `id` int unsigned NOT NULL AUTO_INCREMENT COMMENT 'Идентификатор строки',
  `name` varchar(255) CHARACTER SET utf8 COLLATE utf8_unicode_ci NOT NULL COMMENT 'Название типа',
  `created_at` datetime DEFAULT CURRENT_TIMESTAMP COMMENT 'Время создания строки',
  `updated_at` datetime DEFAULT CURRENT_TIMESTAMP ON UPDATE CURRENT_TIMESTAMP COMMENT 'Время обновления строки',
  PRIMARY KEY (`id`),
  UNIQUE KEY `name` (`name`)
) ENGINE=InnoDB AUTO_INCREMENT=4 DEFAULT CHARSET=utf8 COLLATE=utf8_unicode_ci COMMENT='Типы медиафайлов';
/*!40101 SET character_set_client = @saved_cs_client */;

--
-- Dumping data for table `media_types`
--

LOCK TABLES `media_types` WRITE;
/*!40000 ALTER TABLE `media_types` DISABLE KEYS */;
INSERT INTO `media_types` VALUES (1,'photo','2020-11-24 17:16:12','2020-11-24 17:16:12'),(2,'video','2020-11-24 17:16:12','2020-11-24 17:16:12'),(3,'audio','2020-11-24 17:16:12','2020-11-24 17:16:12');
/*!40000 ALTER TABLE `media_types` ENABLE KEYS */;
UNLOCK TABLES;

--
-- Table structure for table `messages`
--

DROP TABLE IF EXISTS `messages`;
/*!40101 SET @saved_cs_client     = @@character_set_client */;
/*!50503 SET character_set_client = utf8mb4 */;
CREATE TABLE `messages` (
  `id` int unsigned NOT NULL AUTO_INCREMENT COMMENT 'Идентификатор строки',
  `from_user_id` int unsigned NOT NULL COMMENT 'Ссылка на отправителя сообщения',
  `to_user_id` int unsigned NOT NULL COMMENT 'Ссылка на получателя сообщения',
  `body` text CHARACTER SET utf8 COLLATE utf8_unicode_ci NOT NULL COMMENT 'Текст сообщения',
  `is_important` tinyint(1) DEFAULT NULL COMMENT 'Признак важности',
  `is_delivered` tinyint(1) DEFAULT NULL COMMENT 'Признак доставки',
  `created_at` datetime DEFAULT CURRENT_TIMESTAMP COMMENT 'Время создания строки',
  `updated_at` datetime DEFAULT CURRENT_TIMESTAMP ON UPDATE CURRENT_TIMESTAMP COMMENT 'Время обновления строки',
  PRIMARY KEY (`id`)
) ENGINE=InnoDB AUTO_INCREMENT=101 DEFAULT CHARSET=utf8 COLLATE=utf8_unicode_ci COMMENT='Сообщения';
/*!40101 SET character_set_client = @saved_cs_client */;

--
-- Dumping data for table `messages`
--

LOCK TABLES `messages` WRITE;
/*!40000 ALTER TABLE `messages` DISABLE KEYS */;
INSERT INTO `messages` VALUES (1,56,13,'Laboriosam ut quis vitae aliquam sapiente magnam consequatur ullam. Ipsam vitae maxime laborum laborum repellendus accusantium aut expedita. Facilis totam quia in culpa quis non expedita sit.',1,0,'2014-03-17 11:39:17','2020-11-24 17:10:59'),(2,97,46,'Laudantium non at tempore eum incidunt. Rem dicta rerum soluta unde similique. Dolor iste et illum eaque optio dolores.',1,0,'2018-05-23 01:01:11','2020-11-24 17:10:59'),(3,37,46,'Maxime odio reprehenderit illo blanditiis maxime quis et. Sed qui nobis assumenda sed. Expedita modi est animi veniam possimus accusamus recusandae.',0,0,'2018-11-19 06:45:17','2020-11-24 17:10:59'),(4,21,66,'Exercitationem et qui est est. Voluptates nostrum modi dolore ea veritatis aut.',0,1,'2016-07-17 02:28:06','2020-11-24 17:10:59'),(5,66,32,'Sunt labore expedita et est quia aliquid. Fugit quis rerum ea ad.',0,0,'2020-01-06 03:44:31','2020-11-24 17:10:59'),(6,62,13,'Eos sint aut ipsam ut harum quisquam vitae nihil. Laudantium et molestiae et ratione provident. Qui maxime eaque iste reprehenderit eos occaecati illum. Ab veniam dolorum ab odio.',1,0,'2019-10-24 00:27:50','2020-11-24 17:10:59'),(7,78,52,'Aspernatur id quidem vitae ea. Sunt nobis quo et suscipit veniam odio nisi in. Recusandae enim ut voluptas quia accusamus ipsam ut. Aut provident minima aut illum laudantium.',0,1,'2019-03-01 08:31:12','2020-11-24 17:10:59'),(8,23,59,'Aspernatur nemo sit et ducimus quia consequatur praesentium. Ullam qui excepturi ea quis dignissimos. Dolores tempora magnam consequatur occaecati qui excepturi tenetur quis.',1,1,'2015-06-26 11:05:44','2020-11-24 17:10:59'),(9,26,52,'Ut sit animi consectetur sit minus rerum. In assumenda ratione aut cum. Ad aut aut aperiam temporibus qui mollitia. Non qui labore enim.',1,0,'2012-02-23 17:53:34','2020-11-24 17:10:59'),(10,84,61,'Sunt facere delectus nihil odit iure et. Temporibus eum amet voluptatibus assumenda voluptatem est maxime cum. Dicta cupiditate voluptate autem et rem ab molestiae.',0,0,'2014-10-23 22:14:48','2020-11-24 17:10:59'),(11,54,86,'Modi maiores asperiores aut earum eum. Ut deleniti incidunt accusamus cupiditate nihil doloremque aut. Ut saepe et rerum sed.',0,1,'2012-03-31 21:06:25','2020-11-24 17:10:59'),(12,67,76,'Eos similique voluptatem voluptate at nostrum suscipit illo. Reiciendis ea corrupti dignissimos voluptas perspiciatis ea totam. Laboriosam fuga ad harum ipsa asperiores. Et qui quisquam aspernatur nam assumenda.',1,1,'2011-03-16 11:50:24','2020-11-24 17:10:59'),(13,79,68,'Numquam expedita ducimus suscipit voluptas atque. Explicabo numquam et ad deserunt officia. Voluptatibus veritatis quo optio et nobis ea quas.',1,1,'2010-12-07 17:24:39','2020-11-24 17:10:59'),(14,2,6,'Eveniet nam nisi eos quia similique doloremque aperiam. Voluptas quis tenetur dolor est et vel ratione. Et autem cupiditate similique quod adipisci. Non quo voluptate tempore labore.',0,1,'2015-05-28 16:13:24','2020-11-24 17:10:59'),(15,23,94,'Eos harum libero itaque non est ut vel. Nulla autem assumenda qui in. Atque ut nesciunt aut temporibus nobis eligendi provident. Maxime unde quia blanditiis et aut quam voluptate. Enim sunt aspernatur minus amet et occaecati.',1,0,'2016-07-17 15:05:00','2020-11-24 17:10:59'),(16,4,35,'Quia aut dolorem eveniet. Dolor beatae quod sit necessitatibus et sunt. Nihil labore maxime qui commodi aperiam nihil.',0,0,'2011-08-16 17:37:36','2020-11-24 17:10:59'),(17,63,10,'Soluta consequuntur consectetur saepe qui quia. Minus dolore et cum. Optio officiis a nihil error sapiente. Hic pariatur iusto sit et.',1,0,'2019-08-12 04:19:30','2020-11-24 17:10:59'),(18,59,64,'Impedit sunt commodi tempore accusamus dolorem. Illum necessitatibus quia in omnis. Rerum ut voluptates eos quas cupiditate libero. Quos quod itaque totam quis nobis nisi.',0,1,'2014-03-16 22:00:08','2020-11-24 17:10:59'),(19,43,24,'Cupiditate magni perferendis dolor aliquid dolore sed similique. Nobis voluptas eveniet id at et.',1,0,'2016-11-25 22:53:23','2020-11-24 17:10:59'),(20,89,72,'Aut aspernatur voluptatem suscipit quam. Aut rem sint nisi velit nobis molestiae. Ut numquam similique voluptate id veniam qui quibusdam voluptate.',0,0,'2019-06-28 21:04:02','2020-11-24 17:10:59'),(21,93,49,'Illo laboriosam iure repellendus facilis quos maiores. Molestias magnam cum sed beatae veniam voluptatibus facilis. Non velit repellendus est velit repudiandae consectetur. Quia dolores iste consequatur nihil similique.',1,0,'2010-09-13 17:41:51','2020-11-24 17:10:59'),(22,64,75,'Nesciunt totam eos ut ipsum cum a. Molestiae ut nihil qui voluptate et. Autem ut porro sequi. Numquam sint sed sequi.',0,1,'2016-04-11 15:46:18','2020-11-24 17:10:59'),(23,82,84,'Inventore inventore debitis fugit necessitatibus exercitationem deleniti ab natus. Sit suscipit quia repellat hic. Ab placeat omnis iste eius explicabo quidem placeat.',0,1,'2018-10-27 11:29:23','2020-11-24 17:10:59'),(24,75,21,'Et corrupti voluptates laboriosam voluptatibus quidem. Ipsa molestias tenetur eius. Voluptatem occaecati consequuntur et quos sed animi. Quam aut explicabo expedita excepturi distinctio.',1,1,'2018-11-16 21:12:37','2020-11-24 17:10:59'),(25,81,39,'Qui eveniet inventore beatae nihil. Consequatur beatae enim culpa autem.',1,1,'2014-12-30 21:46:59','2020-11-24 17:10:59'),(26,51,38,'Deleniti reprehenderit rerum velit. Voluptas nobis sit quia et. Et pariatur aliquam omnis assumenda sint nostrum rem recusandae. Perferendis animi voluptatem quibusdam in est non natus sunt.',1,0,'2015-05-27 12:16:28','2020-11-24 17:10:59'),(27,38,74,'Perspiciatis nobis aut beatae eaque dolore ab. Aut perferendis cumque sint vel aut magnam. Qui ut officiis aut dolores tempora officiis sapiente sunt. Voluptas aliquam expedita harum tempora.',0,1,'2019-08-24 15:14:12','2020-11-24 17:10:59'),(28,56,58,'Sint tenetur expedita quas aut dolorum et at. Excepturi vel inventore dicta et similique.',1,0,'2017-09-15 13:28:45','2020-11-24 17:10:59'),(29,23,37,'Ipsum quia nostrum nulla debitis. Perspiciatis necessitatibus quo dolore voluptas incidunt. Et et et consequuntur eum ut molestiae.',1,1,'2014-04-14 06:25:31','2020-11-24 17:10:59'),(30,19,81,'Ipsam quo eveniet architecto atque perspiciatis optio non neque. Facilis facere repellendus sequi nesciunt soluta illo et. Doloremque voluptatem autem dolores ut ea. Similique et ut laudantium possimus sequi.',0,1,'2013-08-01 14:47:04','2020-11-24 17:10:59'),(31,49,2,'Maxime nostrum laudantium suscipit veritatis aut consequatur. Explicabo rerum nisi quidem necessitatibus et minus et. Similique sequi atque autem eaque dolor. Est exercitationem in est qui aliquam et.',0,1,'2013-04-05 19:54:09','2020-11-24 17:10:59'),(32,61,97,'Est natus molestiae unde sunt quas eligendi doloremque. Et at quaerat numquam ducimus qui rem. Nisi est vitae quas quidem nemo aspernatur. Facere voluptatum soluta enim eos saepe possimus officia.',0,1,'2019-12-09 15:22:37','2020-11-24 17:10:59'),(33,3,23,'Aspernatur optio porro nam alias qui et. Dolores consequuntur qui eligendi sequi amet ut. Reiciendis voluptatem qui libero dicta necessitatibus asperiores.',1,0,'2018-07-11 05:26:34','2020-11-24 17:10:59'),(34,8,68,'Velit hic occaecati pariatur et. Facilis quidem delectus aut est. Minus excepturi et porro id vero eveniet. Consequatur iure eligendi recusandae qui quaerat aut est. Iste et eum doloremque ut.',0,1,'2012-02-19 09:36:09','2020-11-24 17:10:59'),(35,16,76,'In rerum qui ut est. Sint corporis et quos beatae quibusdam enim est. Magnam beatae consequuntur praesentium dicta quisquam ea. Voluptatem porro itaque molestiae molestiae magnam.',1,0,'2017-07-05 11:14:30','2020-11-24 17:10:59'),(36,29,19,'Officia occaecati quod aut illo et et. Consequatur quia est et optio. Sunt dolor aut at et maxime voluptatem. Nobis vel facere nostrum mollitia aliquam.',0,0,'2017-08-20 12:06:21','2020-11-24 17:10:59'),(37,7,77,'Possimus beatae eum in sunt. Tempore magni non excepturi est porro ut.',0,1,'2015-06-03 12:06:24','2020-11-24 17:10:59'),(38,65,94,'Id sit cumque consequatur itaque commodi consequatur. Odio nobis quam ex quo laborum sed. Sequi tempora sint et cum tempore voluptatibus deserunt. Sed consequatur et animi incidunt.',1,0,'2016-10-29 07:12:38','2020-11-24 17:10:59'),(39,73,82,'Quo autem architecto assumenda et. Ut consequatur dolorem quia. Ut est eligendi perspiciatis sed odit. Molestiae praesentium error voluptas sint aperiam quam ea voluptas. Et fugit aliquam consequatur dignissimos officia.',1,0,'2017-11-11 01:15:01','2020-11-24 17:10:59'),(40,93,16,'Voluptas saepe dolor maiores distinctio nihil modi soluta. Sunt laudantium nihil omnis in ratione quos. Aliquam labore rerum qui et eligendi ut quisquam rerum.',1,0,'2012-01-21 08:33:19','2020-11-24 17:10:59'),(41,100,51,'Dignissimos quidem cumque dolore in. Non at consequatur enim. Sit sunt voluptas in autem incidunt consequatur. Ex neque saepe quam qui praesentium eos.',1,1,'2012-01-12 16:40:43','2020-11-24 17:10:59'),(42,54,18,'Sunt sunt labore nemo in. Omnis amet eum cumque quisquam. Quod et et praesentium qui. Voluptatem at ut sed aliquam doloribus. Dolorum sunt minima fuga ad ut.',1,1,'2018-01-22 00:06:58','2020-11-24 17:10:59'),(43,29,88,'Omnis adipisci excepturi et eos. Voluptas blanditiis nam itaque rem suscipit laudantium et. Rerum dolorum natus consequatur rem vitae nulla et. Veniam maxime qui ea sint odit quo consequuntur.',0,0,'2019-07-21 05:21:16','2020-11-24 17:10:59'),(44,51,93,'Quasi expedita est consequatur. Impedit atque illo doloribus distinctio quis voluptatem amet. Qui est quibusdam quam sed.',1,0,'2013-03-27 23:52:32','2020-11-24 17:10:59'),(45,11,77,'Veniam adipisci et architecto. Dolorem eos voluptatem nisi. Aut ullam optio suscipit ad amet quis. Quo officiis animi ipsa et maxime earum natus odio.',0,1,'2012-11-15 05:24:46','2020-11-24 17:10:59'),(46,50,20,'Autem qui nihil sed dolorem consequatur maiores qui molestias. Odit tempora saepe aut unde perspiciatis et odit. Eum non placeat magni eligendi autem. Ratione nesciunt ex est nesciunt laudantium hic.',0,0,'2011-08-23 20:41:45','2020-11-24 17:10:59'),(47,50,89,'Ipsam numquam quo aliquid labore neque eveniet. Magnam voluptas esse saepe dolor vel et. Tempore aut cum assumenda. Accusamus accusamus laboriosam sed.',0,0,'2018-02-12 05:03:42','2020-11-24 17:10:59'),(48,94,1,'Corporis sunt sed sit voluptas omnis ipsam sit. Corrupti qui vel fugiat voluptas magni ipsam id vel.',1,0,'2019-07-30 21:23:25','2020-11-24 17:10:59'),(49,23,12,'Dolore id non est voluptatem hic ad. Rerum eos sunt qui vel laudantium. Vel et nemo non dolore ut recusandae. Iusto hic recusandae voluptatem illum.',0,0,'2018-03-06 03:31:33','2020-11-24 17:10:59'),(50,88,7,'Molestiae excepturi sunt nisi. Quos natus quaerat voluptatem. Perspiciatis natus nesciunt nam et voluptate sed doloribus.',0,0,'2014-08-31 14:02:29','2020-11-24 17:10:59'),(51,71,31,'Voluptas aliquid veniam accusantium itaque dicta. Optio vitae incidunt doloremque nihil corporis possimus aut. Quod et minus dolor vel quia repellendus adipisci architecto.',0,0,'2018-08-12 01:59:14','2020-11-24 17:10:59'),(52,44,26,'Expedita quia ut voluptatem iste. Quibusdam aut repellendus modi quis laborum.',1,1,'2018-07-12 17:56:26','2020-11-24 17:10:59'),(53,95,99,'Sed rerum est nam est molestiae. Dolores nulla maxime aut rerum vero eum. Ad iste at sit nisi.',0,0,'2013-03-31 09:23:40','2020-11-24 17:10:59'),(54,8,44,'Hic est eos quis officia quos. Quia aut velit aut reiciendis et. Dolorum aut quis consectetur laborum reprehenderit voluptate. Excepturi et sunt explicabo aut enim.',1,0,'2016-12-30 15:37:59','2020-11-24 17:10:59'),(55,97,49,'Doloremque nemo voluptatem vel veritatis. Hic sit provident et nemo expedita laboriosam. Voluptas quidem et eveniet alias perspiciatis consequuntur eum.',0,1,'2020-07-09 07:48:13','2020-11-24 17:10:59'),(56,55,27,'Consequatur iure sint enim qui cumque rerum dignissimos. Eos dolor et natus molestias praesentium sapiente. Voluptatem velit officia ea laudantium deleniti enim sed qui. Sit exercitationem doloremque odio veritatis commodi.',1,1,'2013-01-05 02:00:00','2020-11-24 17:10:59'),(57,70,68,'Eaque sunt non quaerat et. Fugit amet aut et reiciendis similique et. Eveniet laudantium voluptas ea veritatis facilis. Dolorum earum adipisci totam est dolor.',1,0,'2015-04-03 10:09:47','2020-11-24 17:10:59'),(58,31,49,'Fuga dolor assumenda totam voluptatum. Voluptatum temporibus aspernatur veritatis autem expedita. Aspernatur est omnis cupiditate molestias. Nam non eos nam rerum delectus nulla. Soluta sint at commodi eum sit numquam qui labore.',0,0,'2011-01-10 01:02:02','2020-11-24 17:10:59'),(59,53,17,'Dicta dolore eum quo modi est accusantium. Quisquam officiis placeat sit distinctio molestias voluptatem et. Sunt natus est dolore est quia.',1,0,'2017-07-06 22:05:21','2020-11-24 17:10:59'),(60,27,83,'Optio dolor repellendus quaerat omnis reprehenderit eos. Esse animi qui autem tempora sequi autem. Rerum ea iste illo omnis nam atque voluptatem. Enim voluptates sed quo et ab minima vel.',0,0,'2017-02-18 17:09:00','2020-11-24 17:10:59'),(61,34,21,'Amet amet esse est quasi facilis. Sed quidem eveniet magni magni deserunt accusantium ut. Ut at doloribus animi qui rem sunt mollitia.',0,0,'2015-11-25 18:38:47','2020-11-24 17:10:59'),(62,1,41,'Qui assumenda beatae quidem aut et voluptatem alias qui. Ut suscipit fugiat illum est qui ea. Laboriosam ipsa ab debitis tempore amet. Sint repellendus velit animi aut exercitationem.',0,1,'2018-06-18 17:14:10','2020-11-24 17:10:59'),(63,1,83,'Sunt tenetur incidunt quia nihil molestiae labore in accusantium. Vel omnis sint accusamus sunt. Facere aut consequuntur ex facilis voluptas rerum.',1,0,'2018-10-13 09:47:48','2020-11-24 17:10:59'),(64,10,100,'Velit omnis eveniet necessitatibus odit fugiat minus qui. Repellendus fuga consequatur qui dicta eaque. Sit odit quae numquam.',0,1,'2014-11-18 05:01:24','2020-11-24 17:10:59'),(65,71,52,'Sunt facere non quasi eveniet quis. Ad quo qui tempore magni. Quisquam voluptatem alias enim consequatur temporibus rerum recusandae. Enim cupiditate quia incidunt quo cupiditate ea.',1,1,'2012-11-29 02:56:04','2020-11-24 17:10:59'),(66,50,90,'Veniam voluptatem omnis eligendi quo molestiae distinctio. Perferendis maiores velit molestiae sed id aperiam voluptates dolorum. Laboriosam sint veritatis corrupti eos molestias molestiae. Et laboriosam in veniam provident delectus.',0,1,'2019-12-10 17:40:20','2020-11-24 17:10:59'),(67,2,37,'Quia earum modi placeat. Vitae quas delectus porro sint. Et sint voluptatum aliquid quaerat aut rerum omnis. Tempora veritatis veniam est omnis sit similique.',1,0,'2017-03-07 03:57:02','2020-11-24 17:10:59'),(68,80,87,'Sit dignissimos magnam nam nihil. Ab ut amet et adipisci. Aliquam praesentium ut quae. Magnam facere sit id.',1,0,'2015-10-17 22:00:53','2020-11-24 17:10:59'),(69,96,18,'Quis inventore amet aliquid aperiam deleniti aut quia. Est quidem debitis doloremque tempore et consequatur ullam. Ut perspiciatis delectus accusantium blanditiis rerum enim eveniet. Nulla laudantium omnis inventore et.',0,0,'2017-02-01 19:22:26','2020-11-24 17:10:59'),(70,1,50,'Ut sequi voluptatem recusandae sequi occaecati. Tempora voluptates maxime qui placeat non ut vitae. Suscipit velit excepturi et minus commodi. Voluptatem similique doloribus consequatur nisi.',0,0,'2012-12-13 12:29:59','2020-11-24 17:10:59'),(71,49,92,'Reprehenderit neque deleniti autem repellendus. Modi labore magnam est tempore. Eaque est explicabo eligendi consequatur.',0,0,'2012-02-28 09:08:44','2020-11-24 17:10:59'),(72,15,98,'Eos mollitia repellendus ipsam dolorem qui corporis. Sed consequuntur fugiat dolores et quos fugiat possimus. Tempore consequatur culpa ullam. Asperiores sit sapiente voluptatem quaerat. Omnis ab explicabo in sed aliquam provident eaque.',0,0,'2018-08-31 23:56:14','2020-11-24 17:10:59'),(73,45,31,'Eaque dolorem sed laboriosam. Hic modi laborum ad ut. Voluptates necessitatibus ducimus recusandae. Reprehenderit voluptate perferendis itaque illo dolores.',0,0,'2018-12-03 12:58:56','2020-11-24 17:10:59'),(74,18,99,'Iusto in vel repudiandae id dolor sit. Vel natus porro error deserunt nihil nulla non. Tempore voluptatem quod consequatur rerum quo pariatur. Ipsum ad magnam itaque suscipit explicabo.',1,0,'2019-03-10 19:39:27','2020-11-24 17:10:59'),(75,38,94,'Corrupti est eligendi voluptatem earum. Vel omnis in illo ducimus. Enim officia repellendus voluptatem totam.',1,0,'2012-04-09 20:33:26','2020-11-24 17:10:59'),(76,54,88,'Consequuntur maxime veritatis exercitationem et. Dignissimos non ipsam eaque. Totam earum sapiente placeat quod porro earum.',0,0,'2020-04-26 18:17:53','2020-11-24 17:10:59'),(77,77,19,'Optio quas neque ab quis suscipit saepe qui. Consequatur omnis quos consequatur rerum ab soluta. Nulla laudantium aut expedita aut nihil.',1,1,'2012-01-01 02:19:00','2020-11-24 17:10:59'),(78,67,75,'Aut cum voluptatem ut aperiam reiciendis incidunt repellat. At molestias hic ratione sed aut omnis. Cum eum quos incidunt qui quia. Sunt aut similique ut quasi.',1,1,'2014-05-25 23:51:25','2020-11-24 17:10:59'),(79,76,54,'Accusantium totam vel dolores et dolorem aliquam. Architecto maxime cupiditate ut quas. Voluptatibus expedita quasi perferendis quos sapiente voluptas error. Aliquid dicta voluptas neque assumenda minus.',1,1,'2011-02-19 03:49:25','2020-11-24 17:10:59'),(80,42,47,'Iste et earum omnis corrupti. At ipsum cupiditate voluptas voluptas quisquam. Perferendis officia voluptatem reiciendis aut. Et a eligendi fugit inventore soluta impedit harum. Minima ea totam et aliquid est.',0,0,'2013-09-14 07:28:18','2020-11-24 17:10:59'),(81,9,2,'Est ut quis aut beatae quibusdam. Exercitationem quibusdam et labore. Esse possimus dolores recusandae magni blanditiis eius.',0,0,'2020-05-27 21:59:17','2020-11-24 17:10:59'),(82,83,11,'Omnis tempora voluptatum labore facilis dolorem a blanditiis. Impedit est optio dolores fugit. Incidunt ratione perferendis enim ut aliquam. Officia pariatur cum quia. Officiis voluptas eum quia veniam alias quo architecto.',0,0,'2014-04-28 12:17:29','2020-11-24 17:10:59'),(83,3,81,'Sequi ab laboriosam aut consequatur occaecati maiores. Impedit ex consequatur consequatur et nesciunt. Illo vel quod architecto et voluptatem delectus.',1,1,'2012-03-04 00:52:36','2020-11-24 17:10:59'),(84,97,40,'Facere harum nulla facilis laboriosam expedita veritatis. Voluptas id voluptate expedita quia nobis repudiandae non. Aut voluptatem nisi mollitia delectus delectus et. Sit maxime voluptate ratione laborum magnam. Occaecati aut atque velit perspiciatis.',1,1,'2018-01-18 16:18:03','2020-11-24 17:10:59'),(85,10,28,'Et voluptatibus reiciendis doloribus et saepe quam. Laudantium qui ab quod veniam quas fugit aut pariatur. Distinctio ullam quasi distinctio voluptatem.',0,1,'2019-09-18 06:22:48','2020-11-24 17:10:59'),(86,10,67,'Maiores fuga dolor quia perferendis laborum facilis. Illo corrupti ab voluptates adipisci nobis fugit consequatur. Dolorem aut natus ad qui.',1,0,'2012-08-27 00:30:32','2020-11-24 17:10:59'),(87,4,19,'Eum quo rerum quaerat. Sit maxime ut voluptate. Et est qui itaque.',0,0,'2010-12-06 14:11:54','2020-11-24 17:10:59'),(88,84,61,'Soluta sed enim et voluptatem. Distinctio dolorem id non consequuntur soluta.',1,1,'2011-08-07 14:32:26','2020-11-24 17:10:59'),(89,52,78,'Ab vel molestias qui dolore asperiores quaerat ut. Voluptatum ipsum repellat dolorum delectus. Dolore mollitia molestiae veniam libero totam animi molestiae.',0,0,'2015-05-11 05:04:48','2020-11-24 17:10:59'),(90,33,29,'Voluptas autem molestiae assumenda. Adipisci soluta ad amet vel facere qui debitis. Et minus laboriosam dolor sunt dolores harum id. Molestias culpa minima quasi eos nobis sed.',1,0,'2015-03-17 09:16:44','2020-11-24 17:10:59'),(91,45,39,'Placeat et dicta architecto eum ipsa molestiae nulla. Quos doloremque sapiente impedit eum sed at. Incidunt rerum corrupti fuga omnis. Amet exercitationem delectus sapiente dolorem minus omnis.',1,1,'2011-04-15 20:07:35','2020-11-24 17:10:59'),(92,60,82,'Nihil et dignissimos ab in. A est est commodi quisquam exercitationem nihil consequatur.',0,1,'2019-06-27 03:16:22','2020-11-24 17:10:59'),(93,28,94,'Et voluptas officia officia quas vitae et est dolor. Dolores deleniti itaque laudantium cum. Dolorum corrupti et maiores mollitia minima odio est.',0,1,'2017-02-04 07:47:18','2020-11-24 17:10:59'),(94,85,42,'Alias minus sed voluptatem ut. Quis rerum et fuga est aut nihil incidunt. Quos nobis molestiae adipisci ea voluptas est.',1,0,'2020-04-01 03:01:57','2020-11-24 17:10:59'),(95,57,55,'Necessitatibus dolorem possimus sit sit quam. Molestias molestiae voluptatibus voluptatem aut ut vero ut. Sit reiciendis reiciendis quae ut magni porro nulla. Vel laboriosam esse ut ut eum velit.',0,0,'2013-06-10 12:59:07','2020-11-24 17:10:59'),(96,7,67,'Aut fuga in voluptatem non praesentium. Sit ut eos molestiae consectetur nemo aliquid ullam est. Eius hic qui molestias excepturi consequuntur. Totam sit numquam modi quibusdam architecto.',1,0,'2013-09-25 21:40:38','2020-11-24 17:10:59'),(97,15,75,'Placeat possimus ad est velit est officia velit. Id et aut voluptatibus praesentium. In quaerat tenetur delectus illum recusandae.',1,1,'2010-09-11 09:47:29','2020-11-24 17:10:59'),(98,26,8,'Voluptatem et labore eius aspernatur. Sit aut numquam ad dolores. Dolorum rerum cumque eos animi nesciunt.',1,1,'2020-08-28 08:20:25','2020-11-24 17:10:59'),(99,60,74,'Dolore ea ipsam molestiae quia et voluptate. Labore deserunt tenetur inventore ad voluptatem esse. Suscipit architecto adipisci eius porro nisi laboriosam incidunt. Suscipit odit cum ullam voluptatem dolore quo sint. Accusamus atque quis incidunt accusamus et laudantium.',0,1,'2013-06-23 13:17:14','2020-11-24 17:10:59'),(100,91,33,'Facere placeat ullam delectus vero. Eaque cum harum vel hic repudiandae.',0,0,'2017-12-05 10:20:12','2020-11-24 17:10:59');
/*!40000 ALTER TABLE `messages` ENABLE KEYS */;
UNLOCK TABLES;

--
-- Table structure for table `profiles`
--

DROP TABLE IF EXISTS `profiles`;
/*!40101 SET @saved_cs_client     = @@character_set_client */;
/*!50503 SET character_set_client = utf8mb4 */;
CREATE TABLE `profiles` (
  `user_id` int unsigned NOT NULL COMMENT 'Ссылка на пользователя',
  `gender` char(1) CHARACTER SET utf8 COLLATE utf8_unicode_ci NOT NULL COMMENT 'Пол',
  `birthday` date DEFAULT NULL COMMENT 'Дата рождения',
  `photo_id` int unsigned DEFAULT NULL COMMENT 'Ссылка на основную фотографию пользователя',
  `user_status_id` varchar(30) CHARACTER SET utf8 COLLATE utf8_unicode_ci DEFAULT NULL COMMENT 'Текущий статус',
  `city` varchar(130) CHARACTER SET utf8 COLLATE utf8_unicode_ci DEFAULT NULL COMMENT 'Город проживания',
  `country` varchar(130) CHARACTER SET utf8 COLLATE utf8_unicode_ci DEFAULT NULL COMMENT 'Страна проживания',
  `created_at` datetime DEFAULT CURRENT_TIMESTAMP COMMENT 'Время создания строки',
  `updated_at` datetime DEFAULT CURRENT_TIMESTAMP ON UPDATE CURRENT_TIMESTAMP COMMENT 'Время обновления строки',
  PRIMARY KEY (`user_id`)
) ENGINE=InnoDB DEFAULT CHARSET=utf8 COLLATE=utf8_unicode_ci COMMENT='Профили';
/*!40101 SET character_set_client = @saved_cs_client */;

--
-- Dumping data for table `profiles`
--

LOCK TABLES `profiles` WRITE;
/*!40000 ALTER TABLE `profiles` DISABLE KEYS */;
INSERT INTO `profiles` VALUES (1,'m','1972-08-30',17,'2','South Noelia','Niger','2017-10-31 19:37:58','2020-11-24 17:08:32'),(2,'f','2003-06-02',78,'1','Cordiatown','Bhutan','2012-08-19 06:56:03','2020-11-24 17:08:32'),(3,'m','1970-09-13',40,'1','Farrellland','Argentina','2016-05-21 23:24:37','2020-11-24 17:08:32'),(4,'m','2001-03-22',68,'1','Port Maymiehaven','Saudi Arabia','2011-01-30 23:48:25','2020-11-24 17:08:32'),(5,'f','1996-08-09',16,'1','Lemkeport','Ghana','2012-04-24 07:53:36','2020-11-24 17:08:32'),(6,'f','1970-04-26',76,'2','New Magalifort','Costa Rica','2010-11-27 06:22:34','2020-11-24 17:08:32'),(7,'m','1999-01-03',31,'2','Port Leilanishire','Poland','2013-12-08 15:44:20','2020-11-24 17:08:32'),(8,'m','1978-06-27',29,'1','Ernestinafurt','British Indian Ocean Territory (Chagos Archipelago)','2011-09-13 18:55:51','2020-11-24 17:08:32'),(9,'m','2011-10-08',52,'1','New Madisyn','Macedonia','2015-04-24 06:45:57','2020-11-24 17:08:32'),(10,'f','2010-03-22',69,'1','Zechariahberg','Sierra Leone','2015-05-21 12:45:02','2020-11-24 17:08:32'),(11,'m','1978-04-08',91,'1','Halvorsonborough','Zimbabwe','2017-11-03 02:28:32','2020-11-24 17:08:32'),(12,'f','2007-11-25',45,'2','Jenniferborough','Nepal','2018-08-12 10:36:20','2020-11-24 17:08:32'),(13,'m','1992-08-02',54,'2','Bernieborough','Uzbekistan','2018-02-24 20:58:48','2020-11-24 17:08:32'),(14,'m','2015-06-21',36,'1','Lake Candidahaven','Saint Kitts and Nevis','2018-01-29 13:06:23','2020-11-24 17:08:32'),(15,'f','1982-03-28',14,'1','Kuhlmanborough','Austria','2018-06-01 14:41:27','2020-11-24 17:08:32'),(16,'f','2020-01-30',63,'2','Genehaven','Senegal','2013-08-21 05:01:46','2020-11-24 17:08:32'),(17,'f','2011-11-09',73,'1','Johnstonfort','Northern Mariana Islands','2012-06-05 21:30:03','2020-11-24 17:08:32'),(18,'m','1998-12-16',75,'1','Collierview','Bosnia and Herzegovina','2016-12-08 14:33:54','2020-11-24 17:08:32'),(19,'f','1986-01-21',57,'1','Lake Issac','Bahamas','2011-05-03 13:59:44','2020-11-24 17:08:32'),(20,'f','2003-05-04',59,'1','New Kaylaton','French Guiana','2011-06-12 09:42:00','2020-11-24 17:08:32'),(21,'f','2019-02-08',23,'2','Homenickland','Netherlands Antilles','2019-06-24 07:26:34','2020-11-24 17:08:32'),(22,'m','1980-06-27',40,'2','Haneview','Bulgaria','2017-07-20 22:15:41','2020-11-24 17:08:32'),(23,'f','2002-10-08',28,'2','Lake Molly','Armenia','2011-06-21 05:49:36','2020-11-24 17:08:32'),(24,'m','2008-01-17',18,'1','Lilianatown','Belarus','2012-02-28 22:33:00','2020-11-24 17:08:32'),(25,'f','2014-05-18',9,'1','North Stanfordstad','Martinique','2012-08-30 11:02:34','2020-11-24 17:08:32'),(26,'m','1994-06-04',88,'2','South Theodora','Palestinian Territory','2013-03-14 03:14:49','2020-11-24 17:08:32'),(27,'f','1973-11-26',13,'1','East Nicholausmouth','Bulgaria','2011-08-07 13:03:16','2020-11-24 17:08:32'),(28,'f','2019-04-13',1,'1','Julesberg','Greece','2016-06-19 20:04:36','2020-11-24 17:08:32'),(29,'m','1996-12-07',66,'2','South Tinaburgh','Mongolia','2015-01-24 17:32:40','2020-11-24 17:08:32'),(30,'f','1994-08-01',27,'1','Port Coralie','China','2018-03-07 23:44:11','2020-11-24 17:08:32'),(31,'m','2015-01-12',34,'2','Douglasborough','Bulgaria','2013-06-12 19:09:46','2020-11-24 17:08:32'),(32,'m','1985-07-21',92,'1','Romaineborough','United Kingdom','2016-06-20 19:42:52','2020-11-24 17:08:32'),(33,'f','1999-03-16',54,'2','Waldotown','Morocco','2015-12-18 20:35:00','2020-11-24 17:08:32'),(34,'m','1999-05-30',96,'2','Kimberlyville','Romania','2013-02-26 17:13:02','2020-11-24 17:08:32'),(35,'f','1987-02-24',19,'2','New Mackenzieborough','United States of America','2013-05-27 17:27:58','2020-11-24 17:08:32'),(36,'m','2008-04-22',4,'1','Lake Mauricio','Thailand','2011-03-08 19:14:10','2020-11-24 17:08:32'),(37,'f','2015-10-17',61,'1','Lake Marcia','Madagascar','2014-12-15 21:59:48','2020-11-24 17:08:32'),(38,'m','2015-11-20',94,'1','Rodriguezbury','French Polynesia','2019-11-29 09:16:29','2020-11-24 17:08:32'),(39,'m','1980-09-08',86,'1','West Johnpaul','French Polynesia','2018-02-21 20:01:16','2020-11-24 17:08:32'),(40,'f','2017-05-09',48,'2','Port Earnest','Gambia','2019-06-08 03:38:08','2020-11-24 17:08:32'),(41,'f','1976-04-16',83,'2','Gerlachborough','Nepal','2012-02-04 05:33:57','2020-11-24 17:08:32'),(42,'m','1990-05-02',67,'1','East Brendabury','Suriname','2015-11-09 11:59:46','2020-11-24 17:08:32'),(43,'m','1974-08-14',89,'1','Noelside','Andorra','2019-04-07 08:39:02','2020-11-24 17:08:32'),(44,'f','2003-01-30',41,'1','Nikolausport','Tunisia','2017-04-10 22:34:18','2020-11-24 17:08:32'),(45,'f','1972-07-05',38,'2','West Samanta','Rwanda','2015-03-14 15:12:09','2020-11-24 17:08:32'),(46,'f','2002-11-26',66,'1','East Maximillia','Libyan Arab Jamahiriya','2016-07-19 15:06:13','2020-11-24 17:08:32'),(47,'m','1998-12-13',15,'2','East Myrtieview','Mauritius','2016-01-03 21:54:49','2020-11-24 17:08:32'),(48,'f','2002-02-12',77,'1','Tracehaven','Ukraine','2012-02-11 21:28:39','2020-11-24 17:08:32'),(49,'m','1980-07-30',40,'2','Port Jedberg','Micronesia','2016-05-22 22:37:18','2020-11-24 17:08:32'),(50,'m','2000-02-17',67,'2','Gulgowskiton','Paraguay','2019-12-10 11:17:44','2020-11-24 17:08:32'),(51,'m','1985-04-04',16,'1','North Art','Libyan Arab Jamahiriya','2018-08-31 20:05:32','2020-11-24 17:08:32'),(52,'m','1996-03-04',79,'1','Nolanmouth','Cayman Islands','2020-07-13 13:07:48','2020-11-24 17:08:32'),(53,'f','2018-11-11',45,'2','West Gwendolynville','Bhutan','2018-02-10 06:02:58','2020-11-24 17:08:32'),(54,'f','1976-04-29',87,'1','West Pinkie','French Guiana','2019-11-18 09:29:51','2020-11-24 17:08:32'),(55,'f','1988-09-20',100,'2','Schroederchester','Egypt','2011-10-21 10:05:03','2020-11-24 17:08:32'),(56,'f','1970-11-04',40,'2','Hudsonstad','South Georgia and the South Sandwich Islands','2019-03-07 07:37:38','2020-11-24 17:08:32'),(57,'f','1982-02-22',1,'2','North Isidro','Syrian Arab Republic','2013-11-09 03:12:53','2020-11-24 17:08:32'),(58,'m','1975-01-16',81,'1','Grantside','Chile','2020-02-18 02:06:19','2020-11-24 17:08:32'),(59,'f','1990-05-05',2,'2','Queentown','United Arab Emirates','2020-01-19 17:44:15','2020-11-24 17:08:32'),(60,'f','2020-01-26',67,'1','Carolanneville','Paraguay','2012-01-14 01:47:14','2020-11-24 17:08:32'),(61,'m','1993-04-16',30,'1','Loraineshire','Japan','2018-05-31 04:35:49','2020-11-24 17:08:32'),(62,'f','1997-06-03',47,'2','Dedrickmouth','Croatia','2018-07-06 13:57:18','2020-11-24 17:08:32'),(63,'m','2010-11-10',47,'2','West Rebekahstad','Tokelau','2017-11-28 20:56:34','2020-11-24 17:08:32'),(64,'f','1989-01-26',92,'1','South Lillianachester','Guam','2017-09-17 02:56:23','2020-11-24 17:08:32'),(65,'f','1999-06-06',17,'2','Port Krisfort','Suriname','2018-05-05 07:16:11','2020-11-24 17:08:32'),(66,'f','1983-06-27',10,'2','Coyberg','Algeria','2013-05-03 07:18:58','2020-11-24 17:08:32'),(67,'m','2010-08-28',97,'2','East Annaburgh','Turkey','2012-02-21 03:00:13','2020-11-24 17:08:32'),(68,'f','2010-09-01',55,'1','Port Henry','Aruba','2012-03-08 01:25:02','2020-11-24 17:08:32'),(69,'m','1991-11-02',84,'2','Hageneschester','Belize','2017-07-08 20:17:18','2020-11-24 17:08:32'),(70,'m','2000-06-10',54,'2','South Maverick','Bulgaria','2019-01-16 02:15:08','2020-11-24 17:08:32'),(71,'m','1983-05-02',20,'2','East Breana','Bahamas','2013-04-07 23:23:51','2020-11-24 17:08:32'),(72,'f','2012-03-16',35,'2','Maiyaberg','Swaziland','2015-01-24 13:52:16','2020-11-24 17:08:32'),(73,'f','1970-10-08',15,'1','Welchland','Anguilla','2016-04-09 06:20:05','2020-11-24 17:08:32'),(74,'m','1986-03-31',71,'1','Ezekielfurt','Norway','2017-09-15 14:24:58','2020-11-24 17:08:32'),(75,'f','2019-02-05',11,'2','New Athenaberg','Mozambique','2014-07-17 06:18:22','2020-11-24 17:08:32'),(76,'f','2007-01-06',38,'2','Port Ewell','Ethiopia','2016-03-25 21:55:03','2020-11-24 17:08:32'),(77,'m','1975-05-15',57,'1','South Judy','Grenada','2019-01-19 04:27:23','2020-11-24 17:08:32'),(78,'m','2014-09-27',70,'1','North Nedramouth','Ghana','2011-02-14 23:16:45','2020-11-24 17:08:32'),(79,'f','2017-12-07',81,'2','Franciscostad','Micronesia','2020-03-30 16:59:28','2020-11-24 17:08:32'),(80,'m','1979-01-13',93,'1','Simonisberg','Comoros','2017-05-23 11:21:06','2020-11-24 17:08:32'),(81,'f','2004-08-14',20,'2','Andreanehaven','Tuvalu','2014-12-04 11:29:43','2020-11-24 17:08:32'),(82,'m','1976-04-08',21,'1','East Kirstin','Peru','2016-03-29 02:47:35','2020-11-24 17:08:32'),(83,'m','2003-09-14',44,'2','Whiteside','Ecuador','2017-04-22 08:43:00','2020-11-24 17:08:32'),(84,'f','1985-08-23',57,'2','New Maurice','Costa Rica','2020-02-17 22:13:02','2020-11-24 17:08:32'),(85,'m','1973-08-16',53,'2','Tiffanybury','Morocco','2017-06-11 00:24:36','2020-11-24 17:08:32'),(86,'m','1979-11-22',92,'2','Elverafort','Spain','2013-11-20 04:53:23','2020-11-24 17:08:32'),(87,'f','2013-02-27',3,'2','Lake Joshua','Nigeria','2018-12-08 14:18:17','2020-11-24 17:08:32'),(88,'f','2017-07-03',39,'1','West Marysehaven','Austria','2012-06-02 03:18:53','2020-11-24 17:08:32'),(89,'m','1988-10-17',86,'1','Arliemouth','Palestinian Territory','2018-09-06 09:45:18','2020-11-24 17:08:32'),(90,'f','1976-03-26',13,'2','Port Masonview','Turkey','2014-04-04 20:54:58','2020-11-24 17:08:32'),(91,'f','1988-05-31',4,'1','New Vicente','Hungary','2018-01-31 23:09:16','2020-11-24 17:08:32'),(92,'f','2011-04-30',82,'2','West Belleborough','Indonesia','2019-12-16 09:22:28','2020-11-24 17:08:32'),(93,'m','2008-08-31',97,'1','Alfonzofurt','Mayotte','2013-08-18 20:24:41','2020-11-24 17:08:32'),(94,'m','2015-05-20',38,'2','Port Norma','Cote d\'Ivoire','2011-04-10 12:10:31','2020-11-24 17:08:32'),(95,'m','1984-10-10',98,'1','East Palma','Palau','2012-12-16 22:51:00','2020-11-24 17:08:32'),(96,'f','2014-07-15',75,'1','West Amira','Peru','2011-10-01 07:32:03','2020-11-24 17:08:32'),(97,'f','1985-01-24',83,'1','North Jazminbury','Saint Lucia','2015-10-20 22:01:54','2020-11-24 17:08:32'),(98,'m','2014-01-08',88,'2','Ovashire','Faroe Islands','2014-08-11 17:43:28','2020-11-24 17:08:32'),(99,'f','2011-06-28',93,'2','East Stacy','France','2013-01-28 03:17:39','2020-11-24 17:08:32'),(100,'m','2003-08-30',98,'1','Criststad','Ghana','2016-08-18 09:20:09','2020-11-24 17:08:32');
/*!40000 ALTER TABLE `profiles` ENABLE KEYS */;
UNLOCK TABLES;

--
-- Table structure for table `users`
--

DROP TABLE IF EXISTS `users`;
/*!40101 SET @saved_cs_client     = @@character_set_client */;
/*!50503 SET character_set_client = utf8mb4 */;
CREATE TABLE `users` (
  `id` int unsigned NOT NULL AUTO_INCREMENT COMMENT 'Идентификатор строки',
  `first_name` varchar(100) CHARACTER SET utf8 COLLATE utf8_unicode_ci NOT NULL COMMENT 'Имя пользователя',
  `last_name` varchar(100) CHARACTER SET utf8 COLLATE utf8_unicode_ci NOT NULL COMMENT 'Фамилия пользователя',
  `email` varchar(100) CHARACTER SET utf8 COLLATE utf8_unicode_ci NOT NULL COMMENT 'Почта',
  `phone` varchar(100) CHARACTER SET utf8 COLLATE utf8_unicode_ci NOT NULL COMMENT 'Телефон',
  `created_at` datetime DEFAULT CURRENT_TIMESTAMP COMMENT 'Время создания строки',
  `updated_at` datetime DEFAULT CURRENT_TIMESTAMP ON UPDATE CURRENT_TIMESTAMP COMMENT 'Время обновления строки',
  PRIMARY KEY (`id`),
  UNIQUE KEY `email` (`email`),
  UNIQUE KEY `phone` (`phone`)
) ENGINE=InnoDB AUTO_INCREMENT=201 DEFAULT CHARSET=utf8 COLLATE=utf8_unicode_ci COMMENT='Пользователи';
/*!40101 SET character_set_client = @saved_cs_client */;

--
-- Dumping data for table `users`
--

LOCK TABLES `users` WRITE;
/*!40000 ALTER TABLE `users` DISABLE KEYS */;
INSERT INTO `users` VALUES (1,'Layne','Cassin','beth12@example.com','(586)198-2099','2011-05-01 01:06:30','2020-01-10 01:42:47'),(2,'Arvel','McKenzie','ola16@example.net','02666478393','2019-11-23 17:27:47','2020-11-24 16:52:03'),(3,'Joanny','Simonis','jerald.lockman@example.org','1-648-456-1126x93073','2016-03-30 14:20:46','2020-03-29 12:17:16'),(4,'Felipa','Schumm','rose.padberg@example.org','797.800.6808x746','2016-07-12 18:25:03','2020-11-24 16:52:03'),(5,'Aracely','Streich','hkirlin@example.com','770-345-2311x52751','2020-03-25 21:21:58','2020-11-24 16:52:03'),(6,'Abraham','Jast','dhuel@example.org','1-884-131-0886x1949','2019-09-07 21:43:15','2020-11-24 16:52:03'),(7,'Kenny','Stoltenberg','alice62@example.net','985.330.3153x2197','2016-04-27 18:59:27','2020-11-24 16:52:03'),(8,'Emilie','Quigley','atorphy@example.com','652.179.4269','2019-09-02 10:26:55','2020-11-24 16:52:03'),(9,'Toni','Rau','rosendo59@example.net','827-251-7226x85306','2013-10-25 22:46:10','2020-11-24 16:52:03'),(10,'Chanelle','Jast','marjorie86@example.com','221.504.8525','2018-11-10 15:57:24','2020-11-24 16:52:03'),(11,'Gaylord','Miller','xmurazik@example.com','790.055.6726x88939','2012-08-23 16:18:02','2020-11-24 16:52:03'),(12,'Fabiola','Marvin','cary64@example.net','(992)308-0108','2014-02-20 01:04:12','2020-11-24 16:52:03'),(13,'Abbey','Schamberger','dcummings@example.org','1-078-258-6639x7975','2013-06-25 05:02:55','2020-08-08 01:01:56'),(14,'Rigoberto','Mitchell','slebsack@example.net','414-961-7467','2014-10-19 00:44:00','2016-10-09 06:25:29'),(15,'Jerel','Becker','lparisian@example.net','+71(6)4865467297','2016-07-19 00:36:55','2020-11-24 16:52:03'),(16,'Francesca','Hessel','murray.garrison@example.org','(028)180-5332','2012-09-08 17:33:29','2016-02-06 14:55:57'),(17,'Deja','Durgan','sabshire@example.net','(306)696-3848x87014','2014-11-09 21:56:28','2016-03-05 21:41:00'),(18,'Bernice','Homenick','darren.ward@example.net','(868)073-6070x57759','2017-04-15 01:23:04','2020-01-16 07:29:03'),(19,'Kailee','Sporer','ronny46@example.net','960-577-8954','2013-07-28 20:20:31','2020-11-24 16:52:03'),(20,'Aubrey','Bruen','schulist.carol@example.org','1-926-993-6751x91226','2012-01-19 05:50:41','2020-08-20 15:48:59'),(21,'Alvera','Carroll','norene01@example.org','08344960118','2020-01-07 14:04:20','2020-11-24 16:52:03'),(22,'Mya','Schmitt','jakubowski.jamar@example.com','518.610.6611','2014-04-30 02:00:47','2018-05-07 10:26:09'),(23,'Sim','Murazik','schmidt.joesph@example.net','1-080-209-3504','2018-01-17 00:47:26','2020-11-24 16:52:03'),(24,'Allene','Volkman','jordy.murphy@example.org','(911)437-4137x57221','2015-11-02 09:09:38','2020-11-24 16:52:03'),(25,'Sunny','Wiegand','jakob.raynor@example.com','+38(7)7747295614','2016-01-27 15:49:19','2018-12-09 01:17:59'),(26,'Cassandra','Schroeder','fbruen@example.net','1-393-763-3406','2012-10-25 10:59:28','2020-11-24 16:52:03'),(27,'Chaya','Bogisich','kory.yundt@example.net','094-079-4237x573','2018-12-07 07:47:14','2020-11-24 16:52:03'),(28,'Quincy','Kuhlman','mfritsch@example.com','815-314-9719','2015-10-19 07:37:33','2020-05-27 09:27:49'),(29,'Amely','Roob','nadia43@example.org','376.627.9422x088','2018-03-13 07:41:55','2020-11-24 16:52:03'),(30,'Antwan','Borer','jamar.monahan@example.com','695-422-7000','2015-07-09 22:52:45','2020-11-24 16:52:03'),(31,'Malika','Boehm','dahlia66@example.org','859.573.2997x216','2014-05-10 11:13:23','2019-02-20 12:01:54'),(32,'Moriah','Wiegand','gorczany.issac@example.net','(794)647-1034','2012-11-25 01:50:35','2020-11-24 16:52:03'),(33,'Rodger','Greenholt','alysa70@example.com','849.318.7016x8351','2017-05-08 09:50:52','2020-03-06 10:06:55'),(34,'Eleazar','Cormier','lbergstrom@example.net','(393)275-2816x5728','2011-11-30 11:02:33','2012-12-08 17:23:51'),(35,'Raleigh','Hilpert','russel.gus@example.net','(183)372-5940x162','2017-02-19 19:01:40','2020-11-24 16:52:03'),(36,'Damien','Boehm','stephan23@example.com','1-203-159-5080','2018-08-29 21:48:45','2020-11-24 16:52:03'),(37,'Elissa','Jacobson','osvaldo.ritchie@example.org','(248)037-9116x9257','2020-07-18 12:00:42','2020-11-24 16:52:03'),(38,'Etha','Howell','hudson.laurie@example.net','392.241.0664','2015-12-02 08:18:33','2018-06-03 06:00:51'),(39,'Dedrick','Fritsch','jadyn.rohan@example.org','976-699-6748','2019-10-20 23:51:52','2020-11-24 16:52:03'),(40,'Mitchell','Gottlieb','wlehner@example.net','04345995896','2019-11-25 23:10:15','2020-11-24 16:52:03'),(41,'Elmo','Wolff','garett.quitzon@example.com','180-107-1389x835','2017-02-08 19:15:56','2020-11-24 16:52:03'),(42,'Sigmund','Skiles','sward@example.net','(837)946-6316x40393','2015-04-09 03:16:28','2020-02-27 22:48:28'),(43,'Araceli','Monahan','kuhic.adrienne@example.org','02543886443','2019-02-18 06:15:42','2020-11-24 16:52:03'),(44,'Javier','Schimmel','christophe22@example.com','(927)208-2149x112','2019-12-10 21:05:36','2020-11-24 16:52:03'),(45,'Jordon','King','deanna00@example.org','1-117-666-3714x44442','2020-02-27 13:20:26','2020-07-19 04:34:06'),(46,'Pedro','Kohler','cbalistreri@example.net','166-029-7583x325','2018-03-10 07:13:08','2019-07-05 22:41:05'),(47,'Katelyn','Doyle','rylan.heaney@example.com','+80(8)1811969389','2020-04-08 01:22:33','2020-11-24 16:52:03'),(48,'Louisa','Tremblay','elfrieda.weber@example.com','322-497-3170','2012-06-08 03:18:54','2013-04-04 21:36:06'),(49,'Sabryna','Herman','francisco55@example.com','721-278-0659x62675','2016-07-16 17:30:36','2020-11-24 16:52:03'),(50,'Casandra','Bergnaum','uwolf@example.net','1-992-818-7207x49833','2012-01-01 08:30:23','2014-12-15 08:44:20'),(51,'Darron','Klein','reichel.abigayle@example.com','1-944-294-4444x07096','2011-10-15 15:21:33','2014-02-10 03:42:00'),(52,'Roderick','Hettinger','deanna.romaguera@example.com','1-517-253-7327','2014-12-12 17:27:00','2019-07-27 01:37:12'),(53,'Gerhard','Bauch','guido.stokes@example.net','347.076.0546','2011-10-30 02:28:23','2020-11-24 16:52:03'),(54,'Everett','Mills','upton.shanna@example.org','060.054.8003','2020-06-01 09:18:08','2020-11-24 16:52:03'),(55,'Michale','Dickinson','nrodriguez@example.org','09238174030','2010-12-24 22:00:33','2019-10-28 18:56:28'),(56,'Linda','Denesik','felton99@example.net','277.887.1245','2014-02-25 07:43:00','2017-08-22 10:06:49'),(57,'Pearlie','Johnson','gleichner.colton@example.net','+75(1)8406341874','2015-07-11 08:40:40','2020-11-24 16:52:03'),(58,'Norval','Rath','santino66@example.com','488.692.7263','2012-06-22 23:11:55','2017-01-19 20:06:16'),(59,'Carmella','Rowe','weissnat.loyce@example.net','(221)285-7240','2013-08-28 00:22:55','2020-08-30 13:02:10'),(60,'Cornelius','Grant','emmitt56@example.org','1-058-011-5637x348','2017-02-06 12:32:05','2020-11-24 16:52:03'),(61,'Margarete','Hyatt','margarette.parisian@example.com','(438)449-6638','2019-05-13 15:46:54','2020-02-29 06:31:54'),(62,'Ben','Koch','asa.flatley@example.org','03756262631','2011-06-11 20:26:57','2020-06-25 06:11:41'),(63,'Nicolas','Maggio','ora.bernhard@example.com','(523)758-7301x76011','2011-03-18 08:58:27','2011-04-16 22:30:21'),(64,'Kole','Bruen','fpowlowski@example.org','(893)991-0709x8004','2015-04-09 07:26:55','2017-02-26 14:51:17'),(65,'Joyce','Bogan','ncremin@example.org','148.226.7100','2019-05-26 20:07:11','2020-11-24 16:52:03'),(66,'Garrick','Blanda','oran.wilderman@example.net','1-494-538-2598x796','2013-11-14 09:22:24','2020-11-24 16:52:03'),(67,'Lizzie','Olson','charlotte.monahan@example.org','(481)995-7389','2016-03-16 05:50:21','2020-11-24 16:52:03'),(68,'Armani','Kiehn','javon46@example.org','421-876-6451x297','2013-03-22 09:30:56','2020-08-21 15:40:39'),(69,'Miles','Fay','ricky87@example.com','+96(4)4812420950','2015-02-22 15:46:41','2018-11-03 07:27:44'),(70,'Myrtice','Bergstrom','ylesch@example.com','1-656-684-1656x58120','2010-10-04 03:23:24','2012-07-29 21:45:54'),(71,'Nelson','Roob','mschmeler@example.org','(283)415-0719x734','2020-04-28 17:24:32','2020-11-24 16:52:03'),(72,'Alexandrea','Kihn','kcollins@example.net','04648134874','2015-12-20 16:38:28','2018-07-26 12:19:49'),(73,'Orie','O\'Kon','charlie.conroy@example.net','(922)084-0794x3181','2012-08-29 16:20:32','2017-06-16 08:18:13'),(74,'Augusta','Haag','sarmstrong@example.net','(966)628-8552x26472','2017-08-13 06:06:01','2020-11-24 16:52:03'),(75,'Riley','Witting','althea.lemke@example.com','574.977.8817x34600','2017-12-15 22:34:18','2020-11-24 16:52:03'),(76,'Maynard','Roberts','xbahringer@example.net','582.009.3702x28615','2020-07-16 20:28:01','2020-11-24 16:52:03'),(77,'Thelma','Hilpert','christiansen.ashtyn@example.net','938-878-7752','2016-04-27 07:33:39','2020-11-24 16:52:03'),(78,'Florida','Boehm','garland.anderson@example.org','(572)247-4272x304','2015-03-23 17:30:11','2020-11-24 16:52:03'),(79,'Reinhold','Lynch','omari41@example.net','459-118-1243','2016-10-30 01:43:45','2020-11-24 16:52:03'),(80,'Gail','Boehm','madonna.boyer@example.net','1-733-114-0724x443','2013-04-10 19:26:42','2014-05-27 04:40:49'),(81,'Claudine','Koelpin','wmurazik@example.net','472-194-1730x4315','2012-10-18 20:36:06','2020-11-24 16:52:03'),(82,'Connie','Frami','troy73@example.org','+11(8)7292982304','2011-12-28 23:22:27','2018-06-21 10:07:22'),(83,'Aaliyah','Thompson','danial67@example.net','843.182.1173x1918','2011-09-08 16:13:07','2016-08-24 12:11:51'),(84,'Maya','Langworth','morar.baylee@example.com','232-658-2382x85029','2015-09-04 15:11:58','2019-05-01 16:25:06'),(85,'Braeden','Cassin','enos75@example.com','(031)616-3482x0776','2020-01-26 14:56:10','2020-11-24 16:52:03'),(86,'Cierra','Stracke','elwin95@example.org','(249)866-9800x0416','2019-11-18 06:50:32','2020-11-24 16:52:03'),(87,'Jovan','Pagac','hhoppe@example.org','758-649-5254','2012-03-15 13:01:06','2017-10-30 17:05:08'),(88,'Devyn','Harvey','orath@example.org','(283)908-5751x45635','2020-03-04 01:38:05','2020-11-24 16:52:03'),(89,'Consuelo','Sanford','ratke.jaida@example.net','333-669-5912','2014-02-10 04:13:51','2019-12-25 03:11:27'),(90,'Hanna','Gutmann','reichert.lina@example.org','598.574.3351x9841','2016-06-16 05:05:28','2017-05-21 16:31:05'),(91,'Caleb','Sanford','macejkovic.esteban@example.org','884-852-5468x065','2015-04-18 20:22:09','2020-11-24 16:52:03'),(92,'Graham','Feest','dooley.francesco@example.org','(662)622-9139x446','2019-04-08 21:40:19','2020-11-24 16:52:03'),(93,'Jermaine','Haley','zfranecki@example.net','+60(9)2958559519','2011-07-06 04:35:17','2019-05-14 13:35:39'),(94,'Terry','Hermann','leffler.katelin@example.org','01467056680','2010-11-19 10:08:30','2011-05-01 12:38:32'),(95,'Cassandra','Bauch','myrtle87@example.net','407.148.8557x35946','2011-09-02 13:10:01','2012-05-23 05:40:57'),(96,'Stefan','Cartwright','khartmann@example.net','522-290-7009x7378','2019-10-11 21:15:47','2020-11-24 16:52:03'),(97,'Rafaela','Ebert','lgibson@example.net','649.593.3861x53148','2016-09-29 19:24:41','2020-11-24 16:52:03'),(98,'Alf','Pouros','obeahan@example.org','(793)262-3061x880','2014-06-28 20:30:44','2017-08-15 18:23:30'),(99,'Cesar','Stamm','ereichert@example.com','352.495.1105x337','2011-10-14 13:44:59','2018-05-13 13:31:02'),(100,'Lewis','Donnelly','schaefer.edna@example.org','1-195-612-6848','2017-11-19 01:12:03','2020-11-24 16:52:03'),(101,'Harmon','Hartmann','tre.medhurst@example.org','05910471361','2011-03-31 12:28:17','2017-06-21 09:30:54'),(102,'Emerald','Johnson','okoelpin@example.net','251.512.3792','2014-03-03 02:33:03','2018-07-20 11:38:51'),(103,'Edwin','Beer','luella.bashirian@example.com','1-153-544-4383','2018-08-02 09:51:44','2019-05-03 22:48:48'),(104,'Lorena','Mante','ron.kulas@example.com','07305273226','2012-02-17 04:53:38','2018-01-04 21:23:24'),(105,'Rick','Walker','erin72@example.org','06302935589','2015-05-24 13:57:09','2020-11-24 16:52:03'),(106,'Liliana','Bechtelar','joelle.goyette@example.com','073.318.8377x278','2010-10-29 02:52:00','2013-04-29 11:57:01'),(107,'Aron','Stanton','benny01@example.org','1-088-517-1476x227','2019-10-11 13:26:44','2020-11-24 16:52:03'),(108,'Edythe','Jacobi','shawna.davis@example.net','942-567-3679x9561','2012-10-28 04:56:30','2014-06-11 21:20:43'),(109,'Myrtie','Sanford','uhodkiewicz@example.com','(277)615-5425','2016-10-04 21:31:32','2020-11-24 16:52:03'),(110,'Camylle','Lindgren','brandt.boyle@example.org','409-087-4944x60075','2015-08-24 02:35:51','2017-04-07 17:40:25'),(111,'Otha','McDermott','bailey.madalyn@example.com','1-983-876-2096x648','2016-04-01 19:55:32','2016-10-30 23:07:15'),(112,'Christa','Ruecker','xgraham@example.com','09383035473','2018-09-14 21:14:51','2020-11-24 16:52:03'),(113,'Myrna','Kiehn','torphy.burnice@example.net','699.255.1307x2795','2012-04-03 01:50:48','2017-05-20 03:59:51'),(114,'Joey','Hudson','greenholt.randal@example.net','+20(7)0485967596','2013-09-06 07:59:02','2016-01-31 10:30:39'),(115,'Carlee','Gulgowski','hsawayn@example.org','633-271-0382x5024','2011-07-12 18:09:51','2015-04-15 17:33:08'),(116,'Sylvester','Senger','flind@example.net','1-897-551-4409x87349','2012-01-03 13:39:38','2014-08-25 22:50:16'),(117,'Amalia','Howell','beaulah.carter@example.com','597-095-1643x65828','2020-03-16 05:15:25','2020-11-24 16:52:03'),(118,'Kailey','Hegmann','pacocha.laury@example.net','779-492-2154x07679','2011-06-27 04:50:11','2020-11-24 16:52:03'),(119,'Logan','Larson','bogisich.zachery@example.com','(606)021-8913','2018-02-10 11:57:23','2020-11-24 16:52:03'),(120,'Gerardo','Beer','ledner.jamison@example.org','(387)247-8035x152','2018-08-21 06:22:06','2019-09-01 03:02:59'),(121,'Sim','Fahey','iborer@example.com','(147)528-3308','2015-01-13 13:24:26','2016-03-26 21:34:47'),(122,'Briana','Swaniawski','colleen39@example.net','09979634330','2018-07-01 14:37:30','2020-11-24 16:52:03'),(123,'Susan','Grimes','justina45@example.org','339-548-2340x0198','2019-05-24 05:04:59','2020-11-24 16:52:03'),(124,'Lance','Pagac','abagail.witting@example.org','(520)432-7892x2173','2014-06-26 23:10:39','2019-02-25 20:14:30'),(125,'Karli','Fadel','iwaters@example.net','644.982.7501x1118','2013-03-07 14:22:05','2016-04-09 13:29:14'),(126,'Isai','Parisian','lynn.terry@example.org','01664645302','2018-10-12 23:02:39','2020-11-24 16:52:03'),(127,'Blake','Yundt','hackett.maryam@example.net','+35(0)5718019595','2015-04-20 20:37:04','2020-11-24 16:52:03'),(128,'Alfreda','Beier','emmet14@example.org','+87(9)8748001124','2013-01-14 01:51:09','2015-07-22 09:20:20'),(129,'Kenya','Hermiston','pollich.gilberto@example.net','756.156.1598x78784','2015-11-06 20:15:43','2018-06-13 17:36:38'),(130,'Rosemary','Kuhic','natalie45@example.net','(031)644-0278','2012-08-17 03:50:17','2016-02-01 17:50:50'),(131,'Irma','Treutel','donnelly.cristian@example.net','(268)536-1074x74312','2015-10-28 12:24:24','2019-11-25 22:58:27'),(132,'Destin','Nicolas','arne.murphy@example.com','1-945-758-2951x509','2017-06-07 09:33:06','2019-04-06 14:22:03'),(133,'Kayla','McClure','maximillian.braun@example.com','304-261-9215x9463','2018-05-10 18:31:40','2020-11-24 16:52:03'),(134,'Christopher','Heller','dtromp@example.net','(906)877-0024','2019-04-09 02:08:13','2020-11-24 16:52:03'),(135,'Karianne','McClure','mckenzie.ewald@example.org','(049)415-1523','2016-04-02 02:09:31','2016-12-02 23:32:52'),(136,'Adolf','Feest','dudley.davis@example.org','1-625-068-0619x304','2016-10-30 09:59:52','2019-02-01 08:40:43'),(137,'Kelli','Maggio','funk.vaughn@example.org','1-387-465-3299x1750','2018-12-23 15:57:40','2020-11-24 16:52:03'),(138,'Gerhard','Leuschke','qfarrell@example.org','(548)049-7183','2015-02-26 05:02:06','2016-05-23 23:29:19'),(139,'Gudrun','Labadie','fstanton@example.net','065-087-2766x5216','2016-12-12 17:53:56','2018-09-03 03:29:56'),(140,'Lyda','Terry','margaret52@example.net','(185)326-9967x670','2020-04-24 19:18:07','2020-11-24 16:52:03'),(141,'Maxime','Kuphal','zhahn@example.net','265.600.2647x805','2018-12-05 18:00:44','2020-02-05 09:37:53'),(142,'Orrin','Kohler','bauch.daren@example.net','588-376-4228x18277','2014-04-30 08:26:24','2020-11-24 16:52:03'),(143,'Berry','Carter','dibbert.dannie@example.net','063-773-7836','2017-05-20 20:44:19','2019-03-10 09:29:25'),(144,'Lora','Dare','darby18@example.net','01054206752','2014-07-27 13:43:59','2014-11-19 20:11:27'),(145,'Stanton','Zemlak','gward@example.net','00012882311','2016-07-11 05:36:13','2020-11-24 16:52:03'),(146,'Wilma','Hand','rath.crystel@example.net','1-612-406-1275x409','2016-06-26 22:25:42','2018-11-03 04:15:49'),(147,'Coty','Schmeler','erich.ziemann@example.org','+01(8)3123550215','2013-12-23 08:47:52','2020-11-24 16:52:03'),(148,'Garret','Quitzon','deckow.elvie@example.org','784-739-2665x0391','2014-12-16 13:14:44','2019-08-30 23:32:33'),(149,'Sanford','Smith','jcorwin@example.com','647-401-1788x7281','2013-10-30 20:22:37','2020-11-24 16:52:03'),(150,'Lucious','Bogan','amani.hyatt@example.net','1-027-497-1972','2013-02-27 09:49:05','2020-11-24 16:52:03'),(151,'Alanis','Farrell','reta.kshlerin@example.net','1-696-430-5733x30462','2020-01-20 16:57:25','2020-11-24 16:52:03'),(152,'Narciso','Runolfsdottir','aurelie05@example.net','(339)768-6643x1589','2016-01-31 17:37:07','2019-11-29 20:39:46'),(153,'Khalil','Sanford','paucek.euna@example.com','1-227-577-8291x81409','2015-05-12 01:31:34','2016-12-12 20:44:40'),(154,'Luna','Bauch','schmeler.blanca@example.org','00901102939','2018-03-12 18:45:25','2020-11-24 16:52:03'),(155,'Patricia','Brekke','joanne.christiansen@example.org','950.987.4863x877','2015-03-17 18:36:54','2019-05-25 23:20:28'),(156,'Anais','Lebsack','wilmer29@example.net','1-529-704-6466','2013-01-29 18:31:24','2014-10-21 12:09:39'),(157,'Giovanni','Olson','willow.pacocha@example.org','(915)655-9314x608','2020-06-16 10:27:59','2020-11-24 16:52:03'),(158,'Desiree','Zulauf','kadin15@example.net','102.975.5035x633','2011-04-01 05:19:01','2014-02-24 04:27:32'),(159,'Chelsie','Littel','dweber@example.net','639.431.4837','2012-12-07 22:14:24','2012-12-16 16:47:01'),(160,'Dawson','Schneider','kiara.little@example.org','1-474-482-6417x7707','2020-03-07 20:53:58','2020-11-24 16:52:03'),(161,'Alfonso','Tremblay','hyatt.lilly@example.org','931.942.6412','2011-04-28 07:26:04','2019-11-23 13:55:59'),(162,'Maurine','Beier','ciara.kovacek@example.net','+48(5)2077392645','2010-09-16 05:59:01','2019-11-08 20:45:06'),(163,'Taryn','Erdman','ppurdy@example.com','872.428.2183x79060','2020-04-18 19:01:40','2020-11-24 16:52:03'),(164,'Loy','Langosh','johnpaul16@example.com','(856)079-6693x1826','2018-01-03 06:24:18','2020-11-24 16:52:03'),(165,'Aiyana','Bailey','gutkowski.jasen@example.org','034-554-2387','2013-12-11 06:17:32','2015-01-04 06:22:12'),(166,'Maggie','Hintz','dcrist@example.org','182.457.4774','2013-09-19 23:36:28','2017-12-31 13:55:19'),(167,'Kiana','Marvin','crawford69@example.com','065-463-9173x1054','2020-02-02 20:12:23','2020-11-24 16:52:03'),(168,'Erna','Grimes','kenna.anderson@example.net','006-427-1237','2019-05-20 18:20:03','2020-11-24 16:52:03'),(169,'Sherwood','Walter','brogahn@example.net','(554)669-5930x285','2011-07-24 05:58:46','2011-09-23 02:05:44'),(170,'Clementine','Medhurst','lang.colton@example.net','02637795768','2016-07-19 03:53:11','2018-11-21 01:50:28'),(171,'Terrence','Stokes','ramiro26@example.net','572-867-3017x500','2011-10-26 04:03:47','2016-07-12 18:47:08'),(172,'Rubie','Hahn','winona11@example.net','808.113.9434x1203','2012-11-26 13:53:12','2013-12-19 02:03:06'),(173,'Lesly','Aufderhar','connie35@example.com','(769)408-8690x36204','2019-08-31 16:03:05','2020-11-24 16:52:03'),(174,'Misty','Bins','miller.timmy@example.org','(095)772-6104x966','2019-11-24 22:34:35','2020-11-24 16:52:03'),(175,'Angela','Bergstrom','brandyn.hermann@example.net','417.383.0345x755','2010-12-30 12:32:05','2015-06-25 02:27:34'),(176,'Roslyn','Wehner','reva19@example.net','+54(9)2924100230','2012-03-21 09:23:12','2013-06-09 06:33:55'),(177,'Stanford','Flatley','wilfrid89@example.org','1-218-946-5545x945','2011-10-31 00:41:02','2020-11-24 16:52:03'),(178,'Florida','Berge','giles40@example.org','(132)002-6158','2015-01-11 08:04:59','2020-11-24 16:52:03'),(179,'Roosevelt','Schaefer','marc89@example.org','770-714-0222x40285','2015-11-03 16:12:37','2020-11-24 16:52:03'),(180,'Johan','Grant','batz.vincenzo@example.org','110-146-3215','2016-07-18 19:52:10','2018-01-14 08:51:00'),(181,'Karl','Grant','robel.julie@example.net','+82(8)1034447032','2013-09-22 18:24:05','2020-11-24 16:52:03'),(182,'Brant','Predovic','kspinka@example.com','1-921-851-7939x55328','2014-03-26 06:07:16','2019-11-30 02:16:14'),(183,'Eugenia','Green','jean.macejkovic@example.org','+32(3)9792507956','2014-05-05 03:59:57','2020-11-24 16:52:03'),(184,'Elliot','Funk','lauriane.king@example.com','04262323819','2017-04-01 10:32:15','2020-11-24 16:52:03'),(185,'Ciara','Dickinson','elvis38@example.com','1-656-816-6439x215','2015-01-27 20:00:03','2020-11-24 16:52:03'),(186,'Lesley','Schiller','yundt.king@example.org','+69(3)8033791005','2013-05-08 09:51:04','2017-11-11 02:48:54'),(187,'Brenda','Durgan','grady.waters@example.net','293-359-6671x702','2010-09-29 20:10:54','2011-03-02 11:14:25'),(188,'Davonte','Parisian','terrill35@example.com','430-878-9862','2017-03-08 16:26:43','2020-11-24 16:52:03'),(189,'Baylee','Heaney','cschimmel@example.org','408-319-1239','2014-06-01 10:17:18','2015-03-04 03:36:33'),(190,'Darby','Kohler','amani93@example.org','(748)750-7707x8959','2014-07-30 04:05:34','2020-11-24 16:52:03'),(191,'Kellen','Cartwright','cebert@example.org','845.973.2858x636','2016-05-28 03:31:51','2020-11-24 16:52:03'),(192,'Armani','Bradtke','kshlerin.claudia@example.org','456-990-6637','2010-11-15 19:00:56','2014-09-13 17:13:38'),(193,'Clemens','Pfannerstill','kassulke.neha@example.net','+22(4)5645346490','2015-03-24 04:22:11','2020-11-24 16:52:03'),(194,'Alek','Dietrich','wyman.delpha@example.org','1-255-984-2395x77962','2014-03-24 02:18:24','2020-11-24 16:52:03'),(195,'Darwin','Price','darrel.reynolds@example.org','1-467-813-9847','2019-02-01 12:05:35','2020-11-24 16:52:03'),(196,'Pedro','Hudson','isabel.rolfson@example.com','1-370-258-0423','2014-03-26 15:13:29','2020-02-25 16:25:11'),(197,'Myrtle','Stanton','kadin.barton@example.com','(999)374-6268x9065','2013-01-03 12:55:45','2020-11-24 16:52:03'),(198,'Mohamed','Nolan','bo32@example.com','03868345578','2013-04-18 17:15:23','2019-09-06 17:03:01'),(199,'Stephen','Koepp','jakubowski.nels@example.org','+72(8)7331408019','2019-07-01 21:11:05','2020-11-24 16:52:03'),(200,'Fay','Durgan','effie.windler@example.org','1-536-757-4463x34914','2011-12-20 09:20:08','2017-11-27 09:59:32');
/*!40000 ALTER TABLE `users` ENABLE KEYS */;
UNLOCK TABLES;
/*!40103 SET TIME_ZONE=@OLD_TIME_ZONE */;

/*!40101 SET SQL_MODE=@OLD_SQL_MODE */;
/*!40014 SET FOREIGN_KEY_CHECKS=@OLD_FOREIGN_KEY_CHECKS */;
/*!40014 SET UNIQUE_CHECKS=@OLD_UNIQUE_CHECKS */;
/*!40101 SET CHARACTER_SET_CLIENT=@OLD_CHARACTER_SET_CLIENT */;
/*!40101 SET CHARACTER_SET_RESULTS=@OLD_CHARACTER_SET_RESULTS */;
/*!40101 SET COLLATION_CONNECTION=@OLD_COLLATION_CONNECTION */;
/*!40111 SET SQL_NOTES=@OLD_SQL_NOTES */;

-- Dump completed on 2020-11-24 22:15:20
